id_country,state_name
1,BADAKHSHAN
1,BADGHIS
1,BAGHLAN
1,BALKH
1,BAMYAN
1,DAYKUNDI
1,FARAH
1,FARYAB
1,GHAZNI
1,GHŌR
1,HELMAND
1,HERAT
1,JOWZJAN
1,KABUL
1,KANDAHAR
1,KAPISA
1,KHOST
1,KUNAR
1,KUNDUZ PROVINCE
1,LAGHMAN
1,LOGAR
1,NANGARHAR
1,NIMRUZ
1,NURISTAN
1,PAKTIA
1,PAKTIKA
1,PANJSHIR
1,PARWAN
1,SAMANGAN
1,SAR-E POL
1,TAKHAR
1,UROZGAN
1,ZABUL
3,BERAT COUNTY
3,BERAT DISTRICT
3,BULQIZË DISTRICT
3,DELVINË DISTRICT
3,DEVOLL DISTRICT
3,DIBËR COUNTY
3,DIBËR DISTRICT
3,DURRËS COUNTY
3,DURRËS DISTRICT
3,ELBASAN COUNTY
3,FIER COUNTY
3,FIER DISTRICT
3,GJIROKASTËR COUNTY
3,GJIROKASTËR DISTRICT
3,GRAMSH DISTRICT
3,HAS DISTRICT
3,KAVAJË DISTRICT
3,KOLONJË DISTRICT
3,KORÇË COUNTY
3,KORÇË DISTRICT
3,KRUJË DISTRICT
3,KUÇOVË DISTRICT
3,KUKËS COUNTY
3,KUKËS DISTRICT
3,KURBIN DISTRICT
3,LEZHË COUNTY
3,LEZHË DISTRICT
3,LIBRAZHD DISTRICT
3,LUSHNJË DISTRICT
3,MALËSI E MADHE DISTRICT
3,MALLAKASTËR DISTRICT
3,MAT DISTRICT
3,MIRDITË DISTRICT
3,PEQIN DISTRICT
3,PËRMET DISTRICT
3,POGRADEC DISTRICT
3,PUKË DISTRICT
3,SARANDË DISTRICT
3,SHKODËR COUNTY
3,SHKODËR DISTRICT
3,SKRAPAR DISTRICT
3,TEPELENË DISTRICT
3,TIRANA COUNTY
3,TIRANA DISTRICT
3,TROPOJË DISTRICT
3,VLORË COUNTY
3,VLORË DISTRICT
4,ADRAR
4,AÏN DEFLA
4,AÏN TÉMOUCHENT
4,ALGIERS
4,ANNABA
4,BATNA
4,BÉCHAR
4,BÉJAÏA
4,BÉNI ABBÈS
4,BISKRA
4,BLIDA
4,BORDJ BAJI MOKHTAR
4,BORDJ BOU ARRÉRIDJ
4,BOUÏRA
4,BOUMERDÈS
4,CHLEF
4,CONSTANTINE
4,DJANET
4,DJELFA
4,EL BAYADH
4,EL M'GHAIR
4,EL MENIA
4,EL OUED
4,EL TARF
4,GHARDAÏA
4,GUELMA
4,ILLIZI
4,IN GUEZZAM
4,IN SALAH
4,JIJEL
4,KHENCHELA
4,LAGHOUAT
4,M'SILA
4,MASCARA
4,MÉDÉA
4,MILA
4,MOSTAGANEM
4,NAAMA
4,ORAN
4,OUARGLA
4,OULED DJELLAL
4,OUM EL BOUAGHI
4,RELIZANE
4,SAÏDA
4,SÉTIF
4,SIDI BEL ABBÈS
4,SKIKDA
4,SOUK AHRAS
4,TAMANGHASSET
4,TÉBESSA
4,TIARET
4,TIMIMOUN
4,TINDOUF
4,TIPASA
4,TISSEMSILT
4,TIZI OUZOU
4,TLEMCEN
4,TOUGGOURT
6,ANDORRA LA VELLA
6,CANILLO
6,ENCAMP
6,ESCALDES-ENGORDANY
6,LA MASSANA
6,ORDINO
6,SANT JULIÀ DE LÒRIA
7,BENGO PROVINCE
7,BENGUELA PROVINCE
7,BIÉ PROVINCE
7,CABINDA PROVINCE
7,CUANDO CUBANGO PROVINCE
7,CUANZA NORTE PROVINCE
7,CUANZA SUL
7,CUNENE PROVINCE
7,HUAMBO PROVINCE
7,HUÍLA PROVINCE
7,LUANDA PROVINCE
7,LUNDA NORTE PROVINCE
7,LUNDA SUL PROVINCE
7,MALANJE PROVINCE
7,MOXICO PROVINCE
7,UÍGE PROVINCE
7,ZAIRE PROVINCE
10,BARBUDA
10,REDONDA
10,SAINT GEORGE PARISH
10,SAINT JOHN PARISH
10,SAINT MARY PARISH
10,SAINT PAUL PARISH
10,SAINT PETER PARISH
10,SAINT PHILIP PARISH
11,BUENOS AIRES
11,CATAMARCA
11,CHACO
11,CHUBUT
11,CIUDAD AUTÓNOMA DE BUENOS AIRES
11,CÓRDOBA
11,CORRIENTES
11,ENTRE RÍOS
11,FORMOSA
11,JUJUY
11,LA PAMPA
11,LA RIOJA
11,MENDOZA
11,MISIONES
11,NEUQUÉN
11,RÍO NEGRO
11,SALTA
11,SAN JUAN
11,SAN LUIS
11,SANTA CRUZ
11,SANTA FE
11,SANTIAGO DEL ESTERO
11,TIERRA DEL FUEGO
11,TUCUMÁN
12,ARAGATSOTN REGION
12,ARARAT PROVINCE
12,ARMAVIR REGION
12,GEGHARKUNIK PROVINCE
12,KOTAYK REGION
12,LORI REGION
12,SHIRAK REGION
12,SYUNIK PROVINCE
12,TAVUSH REGION
12,VAYOTS DZOR REGION
12,YEREVAN
14,AUSTRALIAN CAPITAL TERRITORY
14,NEW SOUTH WALES
14,NORTHERN TERRITORY
14,QUEENSLAND
14,SOUTH AUSTRALIA
14,TASMANIA
14,VICTORIA
14,WESTERN AUSTRALIA
15,BURGENLAND
15,CARINTHIA
15,LOWER AUSTRIA
15,SALZBURG
15,STYRIA
15,TYROL
15,UPPER AUSTRIA
15,VIENNA
15,VORARLBERG
16,ABSHERON DISTRICT
16,AGDAM DISTRICT
16,AGDASH DISTRICT
16,AGHJABADI DISTRICT
16,AGSTAFA DISTRICT
16,AGSU DISTRICT
16,ASTARA DISTRICT
16,BABEK DISTRICT
16,BAKU
16,BALAKAN DISTRICT
16,BARDA DISTRICT
16,BEYLAGAN DISTRICT
16,BILASUVAR DISTRICT
16,DASHKASAN DISTRICT
16,FIZULI DISTRICT
16,GANJA
16,GƏDƏBƏY
16,GOBUSTAN DISTRICT
16,GORANBOY DISTRICT
16,GOYCHAY
16,GOYGOL DISTRICT
16,HAJIGABUL DISTRICT
16,IMISHLI DISTRICT
16,ISMAILLI DISTRICT
16,JABRAYIL DISTRICT
16,JALILABAD DISTRICT
16,JULFA DISTRICT
16,KALBAJAR DISTRICT
16,KANGARLI DISTRICT
16,KHACHMAZ DISTRICT
16,KHIZI DISTRICT
16,KHOJALI DISTRICT
16,KURDAMIR DISTRICT
16,LACHIN DISTRICT
16,LANKARAN
16,LANKARAN DISTRICT
16,LERIK DISTRICT
16,MARTUNI
16,MASALLY DISTRICT
16,MINGACHEVIR
16,NAKHCHIVAN AUTONOMOUS REPUBLIC
16,NEFTCHALA DISTRICT
16,OGHUZ DISTRICT
16,ORDUBAD DISTRICT
16,QABALA DISTRICT
16,QAKH DISTRICT
16,QAZAKH DISTRICT
16,QUBA DISTRICT
16,QUBADLI DISTRICT
16,QUSAR DISTRICT
16,SAATLY DISTRICT
16,SABIRABAD DISTRICT
16,SADARAK DISTRICT
16,SALYAN DISTRICT
16,SAMUKH DISTRICT
16,SHABRAN DISTRICT
16,SHAHBUZ DISTRICT
16,SHAKI
16,SHAKI DISTRICT
16,SHAMAKHI DISTRICT
16,SHAMKIR DISTRICT
16,SHARUR DISTRICT
16,SHIRVAN
16,SHUSHA DISTRICT
16,SIAZAN DISTRICT
16,SUMQAYIT
16,TARTAR DISTRICT
16,TOVUZ DISTRICT
16,UJAR DISTRICT
16,YARDYMLI DISTRICT
16,YEVLAKH
16,YEVLAKH DISTRICT
16,ZANGILAN DISTRICT
16,ZAQATALA DISTRICT
16,ZARDAB DISTRICT
17,CAPITAL
17,CENTRAL
17,MUHARRAQ
17,NORTHERN
17,SOUTHERN
18,BAGERHAT DISTRICT
18,BAHADIA
18,BANDARBAN DISTRICT
18,BARGUNA DISTRICT
18,BARISAL DISTRICT
18,BARISAL DIVISION
18,BHOLA DISTRICT
18,BOGRA DISTRICT
18,BRAHMANBARIA DISTRICT
18,CHANDPUR DISTRICT
18,CHAPAI NAWABGANJ DISTRICT
18,CHITTAGONG DISTRICT
18,CHITTAGONG DIVISION
18,CHUADANGA DISTRICT
18,COMILLA DISTRICT
18,COX'S BAZAR DISTRICT
18,DHAKA DISTRICT
18,DHAKA DIVISION
18,DINAJPUR DISTRICT
18,FARIDPUR DISTRICT
18,FENI DISTRICT
18,GAIBANDHA DISTRICT
18,GAZIPUR DISTRICT
18,GOPALGANJ DISTRICT
18,HABIGANJ DISTRICT
18,JAMALPUR DISTRICT
18,JESSORE DISTRICT
18,JHALOKATI DISTRICT
18,JHENAIDAH DISTRICT
18,JOYPURHAT DISTRICT
18,KHAGRACHARI DISTRICT
18,KHULNA DISTRICT
18,KHULNA DIVISION
18,KISHOREGANJ DISTRICT
18,KURIGRAM DISTRICT
18,KUSHTIA DISTRICT
18,LAKSHMIPUR DISTRICT
18,LALMONIRHAT DISTRICT
18,MADARIPUR DISTRICT
18,MEHERPUR DISTRICT
18,MOULVIBAZAR DISTRICT
18,MUNSHIGANJ DISTRICT
18,MYMENSINGH DISTRICT
18,MYMENSINGH DIVISION
18,NAOGAON DISTRICT
18,NARAIL DISTRICT
18,NARAYANGANJ DISTRICT
18,NATORE DISTRICT
18,NETROKONA DISTRICT
18,NILPHAMARI DISTRICT
18,NOAKHALI DISTRICT
18,PABNA DISTRICT
18,PANCHAGARH DISTRICT
18,PATUAKHALI DISTRICT
18,PIROJPUR DISTRICT
18,RAJBARI DISTRICT
18,RAJSHAHI DISTRICT
18,RAJSHAHI DIVISION
18,RANGAMATI HILL DISTRICT
18,RANGPUR DISTRICT
18,RANGPUR DIVISION
18,SATKHIRA DISTRICT
18,SHARIATPUR DISTRICT
18,SHERPUR DISTRICT
18,SIRAJGANJ DISTRICT
18,SUNAMGANJ DISTRICT
18,SYLHET DISTRICT
18,SYLHET DIVISION
18,TANGAIL DISTRICT
18,THAKURGAON DISTRICT
19,CHRIST CHURCH
19,SAINT ANDREW
19,SAINT GEORGE
19,SAINT JAMES
19,SAINT JOHN
19,SAINT JOSEPH
19,SAINT LUCY
19,SAINT MICHAEL
19,SAINT PETER
19,SAINT PHILIP
19,SAINT THOMAS
20,BREST REGION
20,GOMEL REGION
20,GRODNO REGION
20,MINSK
20,MINSK REGION
20,MOGILEV REGION
20,VITEBSK REGION
21,ANTWERP
21,BRUSSELS-CAPITAL REGION
21,EAST FLANDERS
21,FLANDERS
21,FLEMISH BRABANT
21,HAINAUT
21,LIÈGE
21,LIMBURG
21,LUXEMBOURG
21,NAMUR
21,WALLONIA
21,WALLOON BRABANT
21,WEST FLANDERS
22,BELIZE DISTRICT
22,CAYO DISTRICT
22,COROZAL DISTRICT
22,ORANGE WALK DISTRICT
22,STANN CREEK DISTRICT
22,TOLEDO DISTRICT
23,ALIBORI DEPARTMENT
23,ATAKORA DEPARTMENT
23,ATLANTIQUE DEPARTMENT
23,BORGOU DEPARTMENT
23,COLLINES DEPARTMENT
23,DONGA DEPARTMENT
23,KOUFFO DEPARTMENT
23,LITTORAL DEPARTMENT
23,MONO DEPARTMENT
23,OUÉMÉ DEPARTMENT
23,PLATEAU DEPARTMENT
23,ZOU DEPARTMENT
24,DEVONSHIRE PARISH
24,HAMILTON PARISH
24,PAGET PARISH
24,PEMBROKE PARISH
24,SAINT GEORGE'S PARISH
24,SANDYS PARISH
24,"SMITH'S PARISH,"
24,SOUTHAMPTON PARISH
24,WARWICK PARISH
25,BUMTHANG DISTRICT
25,CHUKHA DISTRICT
25,DAGANA DISTRICT
25,GASA DISTRICT
25,HAA DISTRICT
25,LHUNTSE DISTRICT
25,MONGAR DISTRICT
25,PARO DISTRICT
25,PEMAGATSHEL DISTRICT
25,PUNAKHA DISTRICT
25,SAMDRUP JONGKHAR DISTRICT
25,SAMTSE DISTRICT
25,SARPANG DISTRICT
25,THIMPHU DISTRICT
25,TRASHIGANG DISTRICT
25,TRONGSA DISTRICT
25,TSIRANG DISTRICT
25,WANGDUE PHODRANG DISTRICT
25,ZHEMGANG DISTRICT
26,BENI DEPARTMENT
26,CHUQUISACA DEPARTMENT
26,COCHABAMBA DEPARTMENT
26,LA PAZ DEPARTMENT
26,ORURO DEPARTMENT
26,PANDO DEPARTMENT
26,POTOSÍ DEPARTMENT
26,SANTA CRUZ DEPARTMENT
26,TARIJA DEPARTMENT
27,BONAIRE
27,SABA
27,SINT EUSTATIUS
28,BOSNIAN PODRINJE CANTON
28,BRČKO DISTRICT
28,CANTON 10
28,CENTRAL BOSNIA CANTON
28,FEDERATION OF BOSNIA AND HERZEGOVINA
28,HERZEGOVINA-NERETVA CANTON
28,POSAVINA CANTON
28,REPUBLIKA SRPSKA
28,SARAJEVO CANTON
28,TUZLA CANTON
28,UNA-SANA CANTON
28,WEST HERZEGOVINA CANTON
28,ZENICA-DOBOJ CANTON
29,CENTRAL DISTRICT
29,GHANZI DISTRICT
29,KGALAGADI DISTRICT
29,KGATLENG DISTRICT
29,KWENENG DISTRICT
29,NGAMILAND
29,NORTH-EAST DISTRICT
29,NORTH-WEST DISTRICT
29,SOUTH-EAST DISTRICT
29,SOUTHERN DISTRICT
31,ACRE
31,ALAGOAS
31,AMAPÁ
31,AMAZONAS
31,BAHIA
31,CEARÁ
31,DISTRITO FEDERAL
31,ESPÍRITO SANTO
31,GOIÁS
31,MARANHÃO
31,MATO GROSSO
31,MATO GROSSO DO SUL
31,MINAS GERAIS
31,PARÁ
31,PARAÍBA
31,PARANÁ
31,PERNAMBUCO
31,PIAUÍ
31,RIO DE JANEIRO
31,RIO GRANDE DO NORTE
31,RIO GRANDE DO SUL
31,RONDÔNIA
31,RORAIMA
31,SANTA CATARINA
31,SÃO PAULO
31,SERGIPE
31,TOCANTINS
33,BELAIT DISTRICT
33,BRUNEI-MUARA DISTRICT
33,TEMBURONG DISTRICT
33,TUTONG DISTRICT
34,BLAGOEVGRAD PROVINCE
34,BURGAS PROVINCE
34,DOBRICH PROVINCE
34,GABROVO PROVINCE
34,HASKOVO PROVINCE
34,KARDZHALI PROVINCE
34,KYUSTENDIL PROVINCE
34,LOVECH PROVINCE
34,MONTANA PROVINCE
34,PAZARDZHIK PROVINCE
34,PERNIK PROVINCE
34,PLEVEN PROVINCE
34,PLOVDIV PROVINCE
34,RAZGRAD PROVINCE
34,RUSE PROVINCE
34,SHUMEN
34,SILISTRA PROVINCE
34,SLIVEN PROVINCE
34,SMOLYAN PROVINCE
34,SOFIA CITY PROVINCE
34,SOFIA PROVINCE
34,STARA ZAGORA PROVINCE
34,TARGOVISHTE PROVINCE
34,VARNA PROVINCE
34,VELIKO TARNOVO PROVINCE
34,VIDIN PROVINCE
34,VRATSA PROVINCE
34,YAMBOL PROVINCE
35,BALÉ PROVINCE
35,BAM PROVINCE
35,BANWA PROVINCE
35,BAZÈGA PROVINCE
35,BOUCLE DU MOUHOUN REGION
35,BOUGOURIBA PROVINCE
35,BOULGOU
35,CASCADES REGION
35,CENTRE
35,CENTRE-EST REGION
35,CENTRE-NORD REGION
35,CENTRE-OUEST REGION
35,CENTRE-SUD REGION
35,COMOÉ PROVINCE
35,EST REGION
35,GANZOURGOU PROVINCE
35,GNAGNA PROVINCE
35,GOURMA PROVINCE
35,HAUTS-BASSINS REGION
35,HOUET PROVINCE
35,IOBA PROVINCE
35,KADIOGO PROVINCE
35,KÉNÉDOUGOU PROVINCE
35,KOMONDJARI PROVINCE
35,KOMPIENGA PROVINCE
35,KOSSI PROVINCE
35,KOULPÉLOGO PROVINCE
35,KOURITENGA PROVINCE
35,KOURWÉOGO PROVINCE
35,LÉRABA PROVINCE
35,LOROUM PROVINCE
35,MOUHOUN
35,NAHOURI PROVINCE
35,NAMENTENGA PROVINCE
35,NAYALA PROVINCE
35,"NORD REGION, BURKINA FASO"
35,NOUMBIEL PROVINCE
35,OUBRITENGA PROVINCE
35,OUDALAN PROVINCE
35,PASSORÉ PROVINCE
35,PLATEAU-CENTRAL REGION
35,PONI PROVINCE
35,SAHEL REGION
35,SANGUIÉ PROVINCE
35,SANMATENGA PROVINCE
35,SÉNO PROVINCE
35,SISSILI PROVINCE
35,SOUM PROVINCE
35,SOUROU PROVINCE
35,SUD-OUEST REGION
35,TAPOA PROVINCE
35,TUY PROVINCE
35,YAGHA PROVINCE
35,YATENGA PROVINCE
35,ZIRO PROVINCE
35,ZONDOMA PROVINCE
35,ZOUNDWÉOGO PROVINCE
36,BUBANZA PROVINCE
36,BUJUMBURA MAIRIE PROVINCE
36,BUJUMBURA RURAL PROVINCE
36,BURURI PROVINCE
36,CANKUZO PROVINCE
36,CIBITOKE PROVINCE
36,GITEGA PROVINCE
36,KARUZI PROVINCE
36,KAYANZA PROVINCE
36,KIRUNDO PROVINCE
36,MAKAMBA PROVINCE
36,MURAMVYA PROVINCE
36,MUYINGA PROVINCE
36,MWARO PROVINCE
36,NGOZI PROVINCE
36,RUMONGE PROVINCE
36,RUTANA PROVINCE
36,RUYIGI PROVINCE
37,BANTEAY MEANCHEY
37,BATTAMBANG
37,KAMPONG CHAM
37,KAMPONG CHHNANG
37,KAMPONG SPEU
37,KAMPONG THOM
37,KAMPOT
37,KANDAL
37,KEP
37,KOH KONG
37,KRATIE
37,MONDULKIRI
37,ODDAR MEANCHEY
37,PAILIN
37,PHNOM PENH
37,PREAH VIHEAR
37,PREY VENG
37,PURSAT
37,RATANAKIRI
37,SIEM REAP
37,SIHANOUKVILLE
37,STUNG TRENG
37,SVAY RIENG
37,TAKEO
38,ADAMAWA
38,CENTRE
38,EAST
38,FAR NORTH
38,LITTORAL
38,NORTH
38,NORTHWEST
38,SOUTH
38,SOUTHWEST
38,WEST
39,ALBERTA
39,BRITISH COLUMBIA
39,MANITOBA
39,NEW BRUNSWICK
39,NEWFOUNDLAND AND LABRADOR
39,NORTHWEST TERRITORIES
39,NOVA SCOTIA
39,NUNAVUT
39,ONTARIO
39,PRINCE EDWARD ISLAND
39,QUEBEC
39,SASKATCHEWAN
39,YUKON
40,BARLAVENTO ISLANDS
40,BOA VISTA
40,BRAVA
40,MAIO MUNICIPALITY
40,MOSTEIROS
40,PAUL
40,PORTO NOVO
40,PRAIA
40,RIBEIRA BRAVA MUNICIPALITY
40,RIBEIRA GRANDE
40,RIBEIRA GRANDE DE SANTIAGO
40,SAL
40,SANTA CATARINA
40,SANTA CATARINA DO FOGO
40,SANTA CRUZ
40,SÃO DOMINGOS
40,SÃO FILIPE
40,SÃO LOURENÇO DOS ÓRGÃOS
40,SÃO MIGUEL
40,SÃO VICENTE
40,SOTAVENTO ISLANDS
40,TARRAFAL
40,TARRAFAL DE SÃO NICOLAU
42,BAMINGUI-BANGORAN PREFECTURE
42,BANGUI
42,BASSE-KOTTO PREFECTURE
42,HAUT-MBOMOU PREFECTURE
42,HAUTE-KOTTO PREFECTURE
42,KÉMO PREFECTURE
42,LOBAYE PREFECTURE
42,MAMBÉRÉ-KADÉÏ
42,MBOMOU PREFECTURE
42,NANA-GRÉBIZI ECONOMIC PREFECTURE
42,NANA-MAMBÉRÉ PREFECTURE
42,OMBELLA-M'POKO PREFECTURE
42,OUAKA PREFECTURE
42,OUHAM PREFECTURE
42,OUHAM-PENDÉ PREFECTURE
42,SANGHA-MBAÉRÉ
42,VAKAGA PREFECTURE
43,BAHR EL GAZEL
43,BATHA
43,BORKOU
43,CHARI-BAGUIRMI
43,ENNEDI-EST
43,ENNEDI-OUEST
43,GUÉRA
43,HADJER-LAMIS
43,KANEM
43,LAC
43,LOGONE OCCIDENTAL
43,LOGONE ORIENTAL
43,MANDOUL
43,MAYO-KEBBI EST
43,MAYO-KEBBI OUEST
43,MOYEN-CHARI
43,N'DJAMENA
43,OUADDAÏ
43,SALAMAT
43,SILA
43,TANDJILÉ
43,TIBESTI
43,WADI FIRA
44,AISÉN DEL GENERAL CARLOS IBAÑEZ DEL CAMPO
44,ANTOFAGASTA
44,ARICA Y PARINACOTA
44,ATACAMA
44,BIOBÍO
44,COQUIMBO
44,LA ARAUCANÍA
44,LIBERTADOR GENERAL BERNARDO O'HIGGINS
44,LOS LAGOS
44,LOS RÍOS
44,MAGALLANES Y DE LA ANTÁRTICA CHILENA
44,MAULE
44,ÑUBLE
44,REGIÓN METROPOLITANA DE SANTIAGO
44,TARAPACÁ
44,VALPARAÍSO
45,ANHUI
45,BEIJING
45,CHONGQING
45,FUJIAN
45,GANSU
45,GUANGDONG
45,GUANGXI ZHUANG
45,GUIZHOU
45,HAINAN
45,HEBEI
45,HEILONGJIANG
45,HENAN
45,HONG KONG SAR
45,HUBEI
45,HUNAN
45,INNER MONGOLIA
45,JIANGSU
45,JIANGXI
45,JILIN
45,LIAONING
45,MACAU SAR
45,NINGXIA HUIZU
45,QINGHAI
45,SHAANXI
45,SHANDONG
45,SHANGHAI
45,SHANXI
45,SICHUAN
45,TAIWAN
45,TIANJIN
45,XINJIANG
45,XIZANG
45,YUNNAN
45,ZHEJIANG
48,AMAZONAS
48,ANTIOQUIA
48,ARAUCA
48,"ARCHIPIÉLAGO DE SAN ANDRÉS, PROVIDENCIA Y SANTA CATALINA"
48,ATLÁNTICO
48,BOGOTÁ D.C.
48,BOLÍVAR
48,BOYACÁ
48,CALDAS
48,CAQUETÁ
48,CASANARE
48,CAUCA
48,CESAR
48,CHOCÓ
48,CÓRDOBA
48,CUNDINAMARCA
48,GUAINÍA
48,GUAVIARE
48,HUILA
48,LA GUAJIRA
48,MAGDALENA
48,META
48,NARIÑO
48,NORTE DE SANTANDER
48,PUTUMAYO
48,QUINDÍO
48,RISARALDA
48,SANTANDER
48,SUCRE
48,TOLIMA
48,VALLE DEL CAUCA
48,VAUPÉS
48,VICHADA
49,ANJOUAN
49,GRANDE COMORE
49,MOHÉLI
50,BOUENZA DEPARTMENT
50,BRAZZAVILLE
50,CUVETTE DEPARTMENT
50,CUVETTE-OUEST DEPARTMENT
50,KOUILOU DEPARTMENT
50,LÉKOUMOU DEPARTMENT
50,LIKOUALA DEPARTMENT
50,NIARI DEPARTMENT
50,PLATEAUX DEPARTMENT
50,POINTE-NOIRE
50,POOL DEPARTMENT
50,SANGHA DEPARTMENT
52,ALAJUELA PROVINCE
52,GUANACASTE PROVINCE
52,HEREDIA PROVINCE
52,LIMÓN PROVINCE
52,PROVINCIA DE CARTAGO
52,PUNTARENAS PROVINCE
52,SAN JOSÉ PROVINCE
53,ABIDJAN
53,AGNÉBY
53,BAFING REGION
53,BAS-SASSANDRA DISTRICT
53,BAS-SASSANDRA REGION
53,COMOÉ DISTRICT
53,DENGUÉLÉ DISTRICT
53,DENGUÉLÉ REGION
53,DIX-HUIT MONTAGNES
53,FROMAGER
53,GÔH-DJIBOUA DISTRICT
53,HAUT-SASSANDRA
53,LACS DISTRICT
53,LACS REGION
53,LAGUNES DISTRICT
53,LAGUNES REGION
53,MARAHOUÉ REGION
53,MONTAGNES DISTRICT
53,MOYEN-CAVALLY
53,MOYEN-COMOÉ
53,N'ZI-COMOÉ
53,SASSANDRA-MARAHOUÉ DISTRICT
53,SAVANES REGION
53,SUD-BANDAMA
53,SUD-COMOÉ
53,VALLÉE DU BANDAMA DISTRICT
53,VALLÉE DU BANDAMA REGION
53,WOROBA DISTRICT
53,WORODOUGOU
53,YAMOUSSOUKRO
53,ZANZAN REGION
54,BJELOVAR-BILOGORA
54,BROD-POSAVINA
54,DUBROVNIK-NERETVA
54,ISTRIA
54,KARLOVAC
54,KOPRIVNICA-KRIŽEVCI
54,KRAPINA-ZAGORJE
54,LIKA-SENJ
54,MEĐIMURJE
54,OSIJEK-BARANJA
54,POŽEGA-SLAVONIA
54,PRIMORJE-GORSKI KOTAR
54,ŠIBENIK-KNIN
54,SISAK-MOSLAVINA
54,SPLIT-DALMATIA
54,VARAŽDIN
54,VIROVITICA-PODRAVINA
54,VUKOVAR-SYRMIA
54,ZADAR
54,ZAGREB
54,ZAGREB
55,ARTEMISA PROVINCE
55,CAMAGÜEY PROVINCE
55,CIEGO DE ÁVILA PROVINCE
55,CIENFUEGOS PROVINCE
55,GRANMA PROVINCE
55,GUANTÁNAMO PROVINCE
55,HAVANA PROVINCE
55,HOLGUÍN PROVINCE
55,ISLA DE LA JUVENTUD
55,LAS TUNAS PROVINCE
55,MATANZAS PROVINCE
55,MAYABEQUE PROVINCE
55,PINAR DEL RÍO PROVINCE
55,SANCTI SPÍRITUS PROVINCE
55,SANTIAGO DE CUBA PROVINCE
55,VILLA CLARA PROVINCE
57,FAMAGUSTA DISTRICT (MAĞUSA)
57,KYRENIA DISTRICT (KERYNEIA)
57,LARNACA DISTRICT (LARNAKA)
57,LIMASSOL DISTRICT (LEYMASUN)
57,NICOSIA DISTRICT (LEFKOŞA)
57,PAPHOS DISTRICT (PAFOS)
58,BENEŠOV
58,BEROUN
58,BLANSKO
58,BŘECLAV
58,BRNO-MĚSTO
58,BRNO-VENKOV
58,BRUNTÁL
58,ČESKÁ LÍPA
58,ČESKÉ BUDĚJOVICE
58,ČESKÝ KRUMLOV
58,CHEB
58,CHOMUTOV
58,CHRUDIM
58,DĚČÍN
58,DOMAŽLICE
58,FRÝDEK-MÍSTEK
58,HAVLÍČKŮV BROD
58,HODONÍN
58,HRADEC KRÁLOVÉ
58,JABLONEC NAD NISOU
58,JESENÍK
58,JIČÍN
58,JIHLAVA
58,JIHOČESKÝ KRAJ
58,JIHOMORAVSKÝ KRAJ
58,JINDŘICHŮV HRADEC
58,KARLOVARSKÝ KRAJ
58,KARLOVY VARY
58,KARVINÁ
58,KLADNO
58,KLATOVY
58,KOLÍN
58,KRAJ VYSOČINA
58,KRÁLOVÉHRADECKÝ KRAJ
58,KROMĚŘÍŽ
58,KUTNÁ HORA
58,LIBEREC
58,LIBERECKÝ KRAJ
58,LITOMĚŘICE
58,LOUNY
58,MĚLNÍK
58,MLADÁ BOLESLAV
58,MORAVSKOSLEZSKÝ KRAJ
58,MOST
58,NÁCHOD
58,NOVÝ JIČÍN
58,NYMBURK
58,OLOMOUC
58,OLOMOUCKÝ KRAJ
58,OPAVA
58,OSTRAVA-MĚSTO
58,PARDUBICE
58,PARDUBICKÝ KRAJ
58,PELHŘIMOV
58,PÍSEK
58,PLZEŇ-JIH
58,PLZEŇ-MĚSTO
58,PLZEŇ-SEVER
58,PLZEŇSKÝ KRAJ
58,PRACHATICE
58,PRAHA-VÝCHOD
58,PRAHA-ZÁPAD
58,"PRAHA, HLAVNÍ MĚSTO"
58,PŘEROV
58,PŘÍBRAM
58,PROSTĚJOV
58,RAKOVNÍK
58,ROKYCANY
58,RYCHNOV NAD KNĚŽNOU
58,SEMILY
58,SOKOLOV
58,STRAKONICE
58,STŘEDOČESKÝ KRAJ
58,ŠUMPERK
58,SVITAVY
58,TÁBOR
58,TACHOV
58,TEPLICE
58,TŘEBÍČ
58,TRUTNOV
58,UHERSKÉ HRADIŠTĚ
58,ÚSTECKÝ KRAJ
58,ÚSTÍ NAD LABEM
58,ÚSTÍ NAD ORLICÍ
58,VSETÍN
58,VYŠKOV
58,ŽĎÁR NAD SÁZAVOU
58,ZLÍN
58,ZLÍNSKÝ KRAJ
58,ZNOJMO
59,BAS-UÉLÉ
59,ÉQUATEUR
59,HAUT-KATANGA
59,HAUT-LOMAMI
59,HAUT-UÉLÉ
59,ITURI
59,KASAÏ
59,KASAÏ CENTRAL
59,KASAÏ ORIENTAL
59,KINSHASA
59,KONGO CENTRAL
59,KWANGO
59,KWILU
59,LOMAMI
59,LUALABA
59,MAI-NDOMBE
59,MANIEMA
59,MONGALA
59,NORD-KIVU
59,NORD-UBANGI
59,SANKURU
59,SUD-KIVU
59,SUD-UBANGI
59,TANGANYIKA
59,TSHOPO
59,TSHUAPA
60,CAPITAL REGION OF DENMARK
60,CENTRAL DENMARK REGION
60,NORTH DENMARK REGION
60,REGION OF SOUTHERN DENMARK
60,REGION ZEALAND
61,ALI SABIEH REGION
61,ARTA REGION
61,DIKHIL REGION
61,DJIBOUTI
61,OBOCK REGION
61,TADJOURAH REGION
62,SAINT ANDREW PARISH
62,SAINT DAVID PARISH
62,SAINT GEORGE PARISH
62,SAINT JOHN PARISH
62,SAINT JOSEPH PARISH
62,SAINT LUKE PARISH
62,SAINT MARK PARISH
62,SAINT PATRICK PARISH
62,SAINT PAUL PARISH
62,SAINT PETER PARISH
63,AZUA PROVINCE
63,BAORUCO PROVINCE
63,BARAHONA PROVINCE
63,DAJABÓN PROVINCE
63,DISTRITO NACIONAL
63,DUARTE PROVINCE
63,EL SEIBO PROVINCE
63,ESPAILLAT PROVINCE
63,HATO MAYOR PROVINCE
63,HERMANAS MIRABAL PROVINCE
63,INDEPENDENCIA
63,LA ALTAGRACIA PROVINCE
63,LA ROMANA PROVINCE
63,LA VEGA PROVINCE
63,MARÍA TRINIDAD SÁNCHEZ PROVINCE
63,MONSEÑOR NOUEL PROVINCE
63,MONTE CRISTI PROVINCE
63,MONTE PLATA PROVINCE
63,PEDERNALES PROVINCE
63,PERAVIA PROVINCE
63,PUERTO PLATA PROVINCE
63,SAMANÁ PROVINCE
63,SAN CRISTÓBAL PROVINCE
63,SAN JOSÉ DE OCOA PROVINCE
63,SAN JUAN PROVINCE
63,SAN PEDRO DE MACORÍS
63,SÁNCHEZ RAMÍREZ PROVINCE
63,SANTIAGO PROVINCE
63,SANTIAGO RODRÍGUEZ PROVINCE
63,SANTO DOMINGO PROVINCE
63,VALVERDE PROVINCE
64,AILEU MUNICIPALITY
64,AINARO MUNICIPALITY
64,BAUCAU MUNICIPALITY
64,BOBONARO MUNICIPALITY
64,COVA LIMA MUNICIPALITY
64,DILI MUNICIPALITY
64,ERMERA DISTRICT
64,LAUTÉM MUNICIPALITY
64,LIQUIÇÁ MUNICIPALITY
64,MANATUTO DISTRICT
64,MANUFAHI MUNICIPALITY
64,VIQUEQUE MUNICIPALITY
65,AZUAY
65,BOLÍVAR
65,CAÑAR
65,CARCHI
65,CHIMBORAZO
65,COTOPAXI
65,EL ORO
65,ESMERALDAS
65,GALÁPAGOS
65,GUAYAS
65,IMBABURA
65,LOJA
65,LOS RÍOS
65,MANABÍ
65,MORONA-SANTIAGO
65,NAPO
65,ORELLANA
65,PASTAZA
65,PICHINCHA
65,SANTA ELENA
65,SANTO DOMINGO DE LOS TSÁCHILAS
65,SUCUMBÍOS
65,TUNGURAHUA
65,ZAMORA CHINCHIPE
66,ALEXANDRIA
66,ASWAN
66,ASYUT
66,BEHEIRA
66,BENI SUEF
66,CAIRO
66,DAKAHLIA
66,DAMIETTA
66,FAIYUM
66,GHARBIA
66,GIZA
66,ISMAILIA
66,KAFR EL-SHEIKH
66,LUXOR
66,MATROUH
66,MINYA
66,MONUFIA
66,NEW VALLEY
66,NORTH SINAI
66,PORT SAID
66,QALYUBIA
66,QENA
66,RED SEA
66,SHARQIA
66,SOHAG
66,SOUTH SINAI
66,SUEZ
67,AHUACHAPÁN DEPARTMENT
67,CABAÑAS DEPARTMENT
67,CHALATENANGO DEPARTMENT
67,CUSCATLÁN DEPARTMENT
67,LA LIBERTAD DEPARTMENT
67,LA PAZ DEPARTMENT
67,LA UNIÓN DEPARTMENT
67,MORAZÁN DEPARTMENT
67,SAN MIGUEL DEPARTMENT
67,SAN SALVADOR DEPARTMENT
67,SAN VICENTE DEPARTMENT
67,SANTA ANA DEPARTMENT
67,SONSONATE DEPARTMENT
67,USULUTÁN DEPARTMENT
68,ANNOBÓN PROVINCE
68,BIOKO NORTE PROVINCE
68,BIOKO SUR PROVINCE
68,CENTRO SUR PROVINCE
68,INSULAR REGION
68,KIÉ-NTEM PROVINCE
68,LITORAL PROVINCE
68,RÍO MUNI
68,WELE-NZAS PROVINCE
69,ANSEBA REGION
69,DEBUB REGION
69,GASH-BARKA REGION
69,MAEKEL REGION
69,NORTHERN RED SEA REGION
69,SOUTHERN RED SEA REGION
70,HARJU COUNTY
70,HIIU COUNTY
70,IDA-VIRU COUNTY
70,JÄRVA COUNTY
70,JÕGEVA COUNTY
70,LÄÄNE COUNTY
70,LÄÄNE-VIRU COUNTY
70,PÄRNU COUNTY
70,PÕLVA COUNTY
70,RAPLA COUNTY
70,SAARE COUNTY
70,TARTU COUNTY
70,VALGA COUNTY
70,VILJANDI COUNTY
70,VÕRU COUNTY
71,ADDIS ABABA
71,AFAR REGION
71,AMHARA REGION
71,BENISHANGUL-GUMUZ REGION
71,DIRE DAWA
71,GAMBELA REGION
71,HARARI REGION
71,OROMIA REGION
71,SOMALI REGION
71,"SOUTHERN NATIONS, NATIONALITIES, AND PEOPLES' REGION"
71,TIGRAY REGION
74,BA
74,BUA
74,CAKAUDROVE
74,CENTRAL DIVISION
74,EASTERN DIVISION
74,KADAVU
74,LAU
74,LOMAIVITI
74,MACUATA
74,NADROGA-NAVOSA
74,NAITASIRI
74,NAMOSI
74,NORTHERN DIVISION
74,RA
74,REWA
74,ROTUMA
74,SERUA
74,TAILEVU
74,WESTERN DIVISION
75,ÅLAND ISLANDS
75,CENTRAL FINLAND
75,CENTRAL OSTROBOTHNIA
75,FINLAND PROPER
75,KAINUU
75,KYMENLAAKSO
75,LAPLAND
75,NORTH KARELIA
75,NORTHERN OSTROBOTHNIA
75,NORTHERN SAVONIA
75,OSTROBOTHNIA
75,PÄIJÄNNE TAVASTIA
75,PIRKANMAA
75,SATAKUNTA
75,SOUTH KARELIA
75,SOUTHERN OSTROBOTHNIA
75,SOUTHERN SAVONIA
75,TAVASTIA PROPER
75,UUSIMAA
76,AIN
76,AISNE
76,ALLIER
76,ALPES-DE-HAUTE-PROVENCE
76,ALPES-MARITIMES
76,ALSACE
76,ARDÈCHE
76,ARDENNES
76,ARIÈGE
76,AUBE
76,AUDE
76,AUVERGNE-RHÔNE-ALPES
76,AVEYRON
76,BAS-RHIN
76,BOUCHES-DU-RHÔNE
76,BOURGOGNE-FRANCHE-COMTÉ
76,BRETAGNE
76,CALVADOS
76,CANTAL
76,CENTRE-VAL DE LOIRE
76,CHARENTE
76,CHARENTE-MARITIME
76,CHER
76,CLIPPERTON
76,CORRÈZE
76,CORSE
76,CORSE-DU-SUD
76,CÔTE-D'OR
76,CÔTES-D'ARMOR
76,CREUSE
76,DEUX-SÈVRES
76,DORDOGNE
76,DOUBS
76,DRÔME
76,ESSONNE
76,EURE
76,EURE-ET-LOIR
76,FINISTÈRE
76,FRENCH GUIANA
76,FRENCH POLYNESIA
76,FRENCH SOUTHERN AND ANTARCTIC LANDS
76,GARD
76,GERS
76,GIRONDE
76,GRAND-EST
76,GUADELOUPE
76,HAUT-RHIN
76,HAUTE-CORSE
76,HAUTE-GARONNE
76,HAUTE-LOIRE
76,HAUTE-MARNE
76,HAUTE-SAÔNE
76,HAUTE-SAVOIE
76,HAUTE-VIENNE
76,HAUTES-ALPES
76,HAUTES-PYRÉNÉES
76,HAUTS-DE-FRANCE
76,HAUTS-DE-SEINE
76,HÉRAULT
76,ÎLE-DE-FRANCE
76,ILLE-ET-VILAINE
76,INDRE
76,INDRE-ET-LOIRE
76,ISÈRE
76,JURA
76,LA RÉUNION
76,LANDES
76,LOIR-ET-CHER
76,LOIRE
76,LOIRE-ATLANTIQUE
76,LOIRET
76,LOT
76,LOT-ET-GARONNE
76,LOZÈRE
76,MAINE-ET-LOIRE
76,MANCHE
76,MARNE
76,MARTINIQUE
76,MAYENNE
76,MAYOTTE
76,MÉTROPOLE DE LYON
76,MEURTHE-ET-MOSELLE
76,MEUSE
76,MORBIHAN
76,MOSELLE
76,NIÈVRE
76,NORD
76,NORMANDIE
76,NOUVELLE-AQUITAINE
76,OCCITANIE
76,OISE
76,ORNE
76,PARIS
76,PAS-DE-CALAIS
76,PAYS-DE-LA-LOIRE
76,PROVENCE-ALPES-CÔTE-D’AZUR
76,PUY-DE-DÔME
76,PYRÉNÉES-ATLANTIQUES
76,PYRÉNÉES-ORIENTALES
76,RHÔNE
76,SAINT PIERRE AND MIQUELON
76,SAINT-BARTHÉLEMY
76,SAINT-MARTIN
76,SAÔNE-ET-LOIRE
76,SARTHE
76,SAVOIE
76,SEINE-ET-MARNE
76,SEINE-MARITIME
76,SEINE-SAINT-DENIS
76,SOMME
76,TARN
76,TARN-ET-GARONNE
76,TERRITOIRE DE BELFORT
76,VAL-D'OISE
76,VAL-DE-MARNE
76,VAR
76,VAUCLUSE
76,VENDÉE
76,VIENNE
76,VOSGES
76,WALLIS AND FUTUNA
76,YONNE
76,YVELINES
80,ESTUAIRE PROVINCE
80,HAUT-OGOOUÉ PROVINCE
80,MOYEN-OGOOUÉ PROVINCE
80,NGOUNIÉ PROVINCE
80,NYANGA PROVINCE
80,OGOOUÉ-IVINDO PROVINCE
80,OGOOUÉ-LOLO PROVINCE
80,OGOOUÉ-MARITIME PROVINCE
80,WOLEU-NTEM PROVINCE
81,BANJUL
81,CENTRAL RIVER DIVISION
81,LOWER RIVER DIVISION
81,NORTH BANK DIVISION
81,UPPER RIVER DIVISION
81,WEST COAST DIVISION
82,ADJARA
82,AUTONOMOUS REPUBLIC OF ABKHAZIA
82,GURIA
82,IMERETI
82,KAKHETI
82,KHELVACHAURI MUNICIPALITY
82,KVEMO KARTLI
82,MTSKHETA-MTIANETI
82,RACHA-LECHKHUMI AND KVEMO SVANETI
82,SAMEGRELO-ZEMO SVANETI
82,SAMTSKHE-JAVAKHETI
82,SENAKI MUNICIPALITY
82,SHIDA KARTLI
82,TBILISI
83,BADEN-WÜRTTEMBERG
83,BAVARIA
83,BERLIN
83,BRANDENBURG
83,BREMEN
83,HAMBURG
83,HESSE
83,LOWER SAXONY
83,MECKLENBURG-VORPOMMERN
83,NORTH RHINE-WESTPHALIA
83,RHINELAND-PALATINATE
83,SAARLAND
83,SAXONY
83,SAXONY-ANHALT
83,SCHLESWIG-HOLSTEIN
83,THURINGIA
84,AHAFO
84,ASHANTI
84,BONO
84,BONO EAST
84,CENTRAL
84,EASTERN
84,GREATER ACCRA
84,NORTH EAST
84,NORTHERN
84,OTI
84,SAVANNAH
84,UPPER EAST
84,UPPER WEST
84,VOLTA
84,WESTERN
84,WESTERN NORTH
86,ACHAEA REGIONAL UNIT
86,AETOLIA-ACARNANIA REGIONAL UNIT
86,ARCADIA PREFECTURE
86,ARGOLIS REGIONAL UNIT
86,ATTICA REGION
86,BOEOTIA REGIONAL UNIT
86,CENTRAL GREECE REGION
86,CENTRAL MACEDONIA
86,CHANIA REGIONAL UNIT
86,CORFU PREFECTURE
86,CORINTHIA REGIONAL UNIT
86,CRETE REGION
86,DRAMA REGIONAL UNIT
86,EAST ATTICA REGIONAL UNIT
86,EAST MACEDONIA AND THRACE
86,EPIRUS REGION
86,EUBOEA
86,GREVENA PREFECTURE
86,IMATHIA REGIONAL UNIT
86,IOANNINA REGIONAL UNIT
86,IONIAN ISLANDS REGION
86,KARDITSA REGIONAL UNIT
86,KASTORIA REGIONAL UNIT
86,KEFALONIA PREFECTURE
86,KILKIS REGIONAL UNIT
86,KOZANI PREFECTURE
86,LACONIA
86,LARISSA PREFECTURE
86,LEFKADA REGIONAL UNIT
86,PELLA REGIONAL UNIT
86,PELOPONNESE REGION
86,PHTHIOTIS PREFECTURE
86,PREVEZA PREFECTURE
86,SERRES PREFECTURE
86,SOUTH AEGEAN
86,THESSALONIKI REGIONAL UNIT
86,WEST GREECE REGION
86,WEST MACEDONIA REGION
88,CARRIACOU AND PETITE MARTINIQUE
88,SAINT ANDREW PARISH
88,SAINT DAVID PARISH
88,SAINT GEORGE PARISH
88,SAINT JOHN PARISH
88,SAINT MARK PARISH
88,SAINT PATRICK PARISH
91,ALTA VERAPAZ DEPARTMENT
91,BAJA VERAPAZ DEPARTMENT
91,CHIMALTENANGO DEPARTMENT
91,CHIQUIMULA DEPARTMENT
91,EL PROGRESO DEPARTMENT
91,ESCUINTLA DEPARTMENT
91,GUATEMALA DEPARTMENT
91,HUEHUETENANGO DEPARTMENT
91,IZABAL DEPARTMENT
91,JALAPA DEPARTMENT
91,JUTIAPA DEPARTMENT
91,PETÉN DEPARTMENT
91,QUETZALTENANGO DEPARTMENT
91,QUICHÉ DEPARTMENT
91,RETALHULEU DEPARTMENT
91,SACATEPÉQUEZ DEPARTMENT
91,SAN MARCOS DEPARTMENT
91,SANTA ROSA DEPARTMENT
91,SOLOLÁ DEPARTMENT
91,SUCHITEPÉQUEZ DEPARTMENT
91,TOTONICAPÁN DEPARTMENT
93,BEYLA PREFECTURE
93,BOFFA PREFECTURE
93,BOKÉ PREFECTURE
93,BOKÉ REGION
93,CONAKRY
93,COYAH PREFECTURE
93,DABOLA PREFECTURE
93,DALABA PREFECTURE
93,DINGUIRAYE PREFECTURE
93,DUBRÉKA PREFECTURE
93,FARANAH PREFECTURE
93,FORÉCARIAH PREFECTURE
93,FRIA PREFECTURE
93,GAOUAL PREFECTURE
93,GUÉCKÉDOU PREFECTURE
93,KANKAN PREFECTURE
93,KANKAN REGION
93,KÉROUANÉ PREFECTURE
93,KINDIA PREFECTURE
93,KINDIA REGION
93,KISSIDOUGOU PREFECTURE
93,KOUBIA PREFECTURE
93,KOUNDARA PREFECTURE
93,KOUROUSSA PREFECTURE
93,LABÉ PREFECTURE
93,LABÉ REGION
93,LÉLOUMA PREFECTURE
93,LOLA PREFECTURE
93,MACENTA PREFECTURE
93,MALI PREFECTURE
93,MAMOU PREFECTURE
93,MAMOU REGION
93,MANDIANA PREFECTURE
93,NZÉRÉKORÉ PREFECTURE
93,NZÉRÉKORÉ REGION
93,PITA PREFECTURE
93,SIGUIRI PREFECTURE
93,TÉLIMÉLÉ PREFECTURE
93,TOUGUÉ PREFECTURE
93,YOMOU PREFECTURE
94,BAFATÁ
94,BIOMBO REGION
94,BOLAMA REGION
94,CACHEU REGION
94,GABÚ REGION
94,LESTE PROVINCE
94,NORTE PROVINCE
94,OIO REGION
94,QUINARA REGION
94,SUL PROVINCE
94,TOMBALI REGION
95,BARIMA-WAINI
95,CUYUNI-MAZARUNI
95,DEMERARA-MAHAICA
95,EAST BERBICE-CORENTYNE
95,ESSEQUIBO ISLANDS-WEST DEMERARA
95,MAHAICA-BERBICE
95,POMEROON-SUPENAAM
95,POTARO-SIPARUNI
95,UPPER DEMERARA-BERBICE
95,UPPER TAKUTU-UPPER ESSEQUIBO
96,ARTIBONITE
96,CENTRE
96,GRAND'ANSE
96,NIPPES
96,NORD
96,NORD-EST
96,NORD-OUEST
96,OUEST
96,SUD
96,SUD-EST
98,ATLÁNTIDA DEPARTMENT
98,BAY ISLANDS DEPARTMENT
98,CHOLUTECA DEPARTMENT
98,COLÓN DEPARTMENT
98,COMAYAGUA DEPARTMENT
98,COPÁN DEPARTMENT
98,CORTÉS DEPARTMENT
98,EL PARAÍSO DEPARTMENT
98,FRANCISCO MORAZÁN DEPARTMENT
98,GRACIAS A DIOS DEPARTMENT
98,INTIBUCÁ DEPARTMENT
98,LA PAZ DEPARTMENT
98,LEMPIRA DEPARTMENT
98,OCOTEPEQUE DEPARTMENT
98,OLANCHO DEPARTMENT
98,SANTA BÁRBARA DEPARTMENT
98,VALLE DEPARTMENT
98,YORO DEPARTMENT
99,CENTRAL AND WESTERN DISTRICT
99,EASTERN
99,ISLANDS DISTRICT
99,KOWLOON CITY
99,KWAI TSING
99,KWUN TONG
99,NORTH
99,SAI KUNG DISTRICT
99,SHA TIN
99,SHAM SHUI PO
99,SOUTHERN
99,TAI PO DISTRICT
99,TSUEN WAN DISTRICT
99,TUEN MUN
99,WAN CHAI
99,WONG TAI SIN
99,YAU TSIM MONG
99,YUEN LONG DISTRICT
100,BÁCS-KISKUN
100,BARANYA
100,BÉKÉS
100,BÉKÉSCSABA
100,BORSOD-ABAÚJ-ZEMPLÉN
100,BUDAPEST
100,CSONGRÁD COUNTY
100,DEBRECEN
100,DUNAÚJVÁROS
100,EGER
100,ÉRD
100,FEJÉR COUNTY
100,GYŐR
100,GYŐR-MOSON-SOPRON COUNTY
100,HAJDÚ-BIHAR COUNTY
100,HEVES COUNTY
100,HÓDMEZŐVÁSÁRHELY
100,JÁSZ-NAGYKUN-SZOLNOK COUNTY
100,KAPOSVÁR
100,KECSKEMÉT
100,KOMÁROM-ESZTERGOM
100,MISKOLC
100,NAGYKANIZSA
100,NÓGRÁD COUNTY
100,NYÍREGYHÁZA
100,PÉCS
100,PEST COUNTY
100,SALGÓTARJÁN
100,SOMOGY COUNTY
100,SOPRON
100,SZABOLCS-SZATMÁR-BEREG COUNTY
100,SZEGED
100,SZÉKESFEHÉRVÁR
100,SZEKSZÁRD
100,SZOLNOK
100,SZOMBATHELY
100,TATABÁNYA
100,TOLNA COUNTY
100,VAS COUNTY
100,VESZPRÉM
100,VESZPRÉM COUNTY
100,ZALA COUNTY
100,ZALAEGERSZEG
101,CAPITAL REGION
101,EASTERN REGION
101,NORTHEASTERN REGION
101,NORTHWESTERN REGION
101,SOUTHERN PENINSULA REGION
101,SOUTHERN REGION
101,WESTERN REGION
101,WESTFJORDS
102,ANDAMAN AND NICOBAR ISLANDS
102,ANDHRA PRADESH
102,ARUNACHAL PRADESH
102,ASSAM
102,BIHAR
102,CHANDIGARH
102,CHHATTISGARH
102,DADRA AND NAGAR HAVELI AND DAMAN AND DIU
102,DELHI
102,GOA
102,GUJARAT
102,HARYANA
102,HIMACHAL PRADESH
102,JAMMU AND KASHMIR
102,JHARKHAND
102,KARNATAKA
102,KERALA
102,LADAKH
102,LAKSHADWEEP
102,MADHYA PRADESH
102,MAHARASHTRA
102,MANIPUR
102,MEGHALAYA
102,MIZORAM
102,NAGALAND
102,ODISHA
102,PUDUCHERRY
102,PUNJAB
102,RAJASTHAN
102,SIKKIM
102,TAMIL NADU
102,TELANGANA
102,TRIPURA
102,UTTAR PRADESH
102,UTTARAKHAND
102,WEST BENGAL
103,ACEH
103,BALI
103,BANTEN
103,BENGKULU
103,DI YOGYAKARTA
103,DKI JAKARTA
103,GORONTALO
103,JAMBI
103,JAWA BARAT
103,JAWA TENGAH
103,JAWA TIMUR
103,KALIMANTAN BARAT
103,KALIMANTAN SELATAN
103,KALIMANTAN TENGAH
103,KALIMANTAN TIMUR
103,KALIMANTAN UTARA
103,KEPULAUAN BANGKA BELITUNG
103,KEPULAUAN RIAU
103,LAMPUNG
103,MALUKU
103,MALUKU UTARA
103,NUSA TENGGARA BARAT
103,NUSA TENGGARA TIMUR
103,PAPUA
103,PAPUA BARAT
103,RIAU
103,SULAWESI BARAT
103,SULAWESI SELATAN
103,SULAWESI TENGAH
103,SULAWESI TENGGARA
103,SULAWESI UTARA
103,SUMATERA BARAT
103,SUMATERA SELATAN
103,SUMATERA UTARA
104,ALBORZ
104,ARDABIL
104,BUSHEHR
104,CHAHARMAHAL AND BAKHTIARI
104,EAST AZERBAIJAN
104,FARS
104,GILAN
104,GOLESTAN
104,HAMADAN
104,HORMOZGAN
104,ILAM
104,ISFAHAN
104,KERMAN
104,KERMANSHAH
104,KHUZESTAN
104,KOHGILUYEH AND BOYER-AHMAD
104,KURDISTAN
104,LORESTAN
104,MARKAZI
104,MAZANDARAN
104,NORTH KHORASAN
104,QAZVIN
104,QOM
104,RAZAVI KHORASAN
104,SEMNAN
104,SISTAN AND BALUCHESTAN
104,SOUTH KHORASAN
104,TEHRAN
104,WEST AZARBAIJAN
104,YAZD
104,ZANJAN
105,AL ANBAR
105,AL MUTHANNA
105,AL-QĀDISIYYAH
105,BABYLON
105,BAGHDAD
105,BASRA
105,DHI QAR
105,DIYALA
105,DOHUK
105,ERBIL
105,KARBALA
105,KIRKUK
105,MAYSAN
105,NAJAF
105,NINEVEH
105,SALADIN
105,SULAYMANIYAH
105,WASIT
106,CARLOW
106,CAVAN
106,CLARE
106,CONNACHT
106,CORK
106,DONEGAL
106,DUBLIN
106,GALWAY
106,KERRY
106,KILDARE
106,KILKENNY
106,LAOIS
106,LEINSTER
106,LIMERICK
106,LONGFORD
106,LOUTH
106,MAYO
106,MEATH
106,MONAGHAN
106,MUNSTER
106,OFFALY
106,ROSCOMMON
106,SLIGO
106,TIPPERARY
106,ULSTER
106,WATERFORD
106,WESTMEATH
106,WEXFORD
106,WICKLOW
107,CENTRAL DISTRICT
107,HAIFA DISTRICT
107,JERUSALEM DISTRICT
107,NORTHERN DISTRICT
107,SOUTHERN DISTRICT
107,TEL AVIV DISTRICT
108,ABRUZZO
108,AGRIGENTO
108,ALESSANDRIA
108,ANCONA
108,AOSTA VALLEY
108,APULIA
108,ASCOLI PICENO
108,ASTI
108,AVELLINO
108,BARLETTA-ANDRIA-TRANI
108,BASILICATA
108,BELLUNO
108,BENEVENTO
108,BERGAMO
108,BIELLA
108,BRESCIA
108,BRINDISI
108,CALABRIA
108,CALTANISSETTA
108,CAMPANIA
108,CAMPOBASSO
108,CASERTA
108,CATANZARO
108,CHIETI
108,COMO
108,COSENZA
108,CREMONA
108,CROTONE
108,CUNEO
108,EMILIA-ROMAGNA
108,ENNA
108,FERMO
108,FERRARA
108,FOGGIA
108,FORLÌ-CESENA
108,FRIULI–VENEZIA GIULIA
108,FROSINONE
108,GORIZIA
108,GROSSETO
108,IMPERIA
108,ISERNIA
108,L'AQUILA
108,LA SPEZIA
108,LATINA
108,LAZIO
108,LECCE
108,LECCO
108,LIGURIA
108,LIVORNO
108,LODI
108,LOMBARDY
108,LUCCA
108,MACERATA
108,MANTUA
108,MARCHE
108,MASSA AND CARRARA
108,MATERA
108,MEDIO CAMPIDANO
108,MODENA
108,MOLISE
108,MONZA AND BRIANZA
108,NOVARA
108,NUORO
108,ORISTANO
108,PADUA
108,PALERMO
108,PARMA
108,PAVIA
108,PERUGIA
108,PESARO AND URBINO
108,PESCARA
108,PIACENZA
108,PIEDMONT
108,PISA
108,PISTOIA
108,PORDENONE
108,POTENZA
108,PRATO
108,RAGUSA
108,RAVENNA
108,REGGIO EMILIA
108,RIETI
108,RIMINI
108,ROVIGO
108,SALERNO
108,SARDINIA
108,SASSARI
108,SAVONA
108,SICILY
108,SIENA
108,SIRACUSA
108,SONDRIO
108,SOUTH SARDINIA
108,TARANTO
108,TERAMO
108,TERNI
108,TRAPANI
108,TRENTINO-SOUTH TYROL
108,TREVISO
108,TRIESTE
108,TUSCANY
108,UDINE
108,UMBRIA
108,VARESE
108,VENETO
108,VERBANO-CUSIO-OSSOLA
108,VERCELLI
108,VERONA
108,VIBO VALENTIA
108,VICENZA
108,VITERBO
109,CLARENDON PARISH
109,HANOVER PARISH
109,KINGSTON PARISH
109,MANCHESTER PARISH
109,PORTLAND PARISH
109,SAINT ANDREW
109,SAINT ANN PARISH
109,SAINT CATHERINE PARISH
109,SAINT ELIZABETH PARISH
109,SAINT JAMES PARISH
109,SAINT MARY PARISH
109,SAINT THOMAS PARISH
109,TRELAWNY PARISH
109,WESTMORELAND PARISH
110,AICHI PREFECTURE
110,AKITA PREFECTURE
110,AOMORI PREFECTURE
110,CHIBA PREFECTURE
110,EHIME PREFECTURE
110,FUKUI PREFECTURE
110,FUKUOKA PREFECTURE
110,FUKUSHIMA PREFECTURE
110,GIFU PREFECTURE
110,GUNMA PREFECTURE
110,HIROSHIMA PREFECTURE
110,HOKKAIDŌ PREFECTURE
110,HYŌGO PREFECTURE
110,IBARAKI PREFECTURE
110,ISHIKAWA PREFECTURE
110,IWATE PREFECTURE
110,KAGAWA PREFECTURE
110,KAGOSHIMA PREFECTURE
110,KANAGAWA PREFECTURE
110,KŌCHI PREFECTURE
110,KUMAMOTO PREFECTURE
110,KYŌTO PREFECTURE
110,MIE PREFECTURE
110,MIYAGI PREFECTURE
110,MIYAZAKI PREFECTURE
110,NAGANO PREFECTURE
110,NAGASAKI PREFECTURE
110,NARA PREFECTURE
110,NIIGATA PREFECTURE
110,ŌITA PREFECTURE
110,OKAYAMA PREFECTURE
110,OKINAWA PREFECTURE
110,ŌSAKA PREFECTURE
110,SAGA PREFECTURE
110,SAITAMA PREFECTURE
110,SHIGA PREFECTURE
110,SHIMANE PREFECTURE
110,SHIZUOKA PREFECTURE
110,TOCHIGI PREFECTURE
110,TOKUSHIMA PREFECTURE
110,TOKYO
110,TOTTORI PREFECTURE
110,TOYAMA PREFECTURE
110,WAKAYAMA PREFECTURE
110,YAMAGATA PREFECTURE
110,YAMAGUCHI PREFECTURE
110,YAMANASHI PREFECTURE
112,AJLOUN
112,AMMAN
112,AQABA
112,BALQA
112,IRBID
112,JERASH
112,KARAK
112,MA'AN
112,MADABA
112,MAFRAQ
112,TAFILAH
112,ZARQA
113,AKMOLA REGION
113,AKTOBE REGION
113,ALMATY
113,ALMATY REGION
113,ATYRAU REGION
113,BAIKONUR
113,EAST KAZAKHSTAN REGION
113,JAMBYL REGION
113,KARAGANDA REGION
113,KOSTANAY REGION
113,KYZYLORDA REGION
113,MANGYSTAU REGION
113,NORTH KAZAKHSTAN REGION
113,NUR-SULTAN
113,PAVLODAR REGION
113,TURKESTAN REGION
113,WEST KAZAKHSTAN PROVINCE
114,BARINGO
114,BOMET
114,BUNGOMA
114,BUSIA
114,ELGEYO-MARAKWET
114,EMBU
114,GARISSA
114,HOMA BAY
114,ISIOLO
114,KAJIADO
114,KAKAMEGA
114,KERICHO
114,KIAMBU
114,KILIFI
114,KIRINYAGA
114,KISII
114,KISUMU
114,KITUI
114,KWALE
114,LAIKIPIA
114,LAMU
114,MACHAKOS
114,MAKUENI
114,MANDERA
114,MARSABIT
114,MERU
114,MIGORI
114,MOMBASA
114,MURANG'A
114,NAIROBI CITY
114,NAKURU
114,NANDI
114,NAROK
114,NYAMIRA
114,NYANDARUA
114,NYERI
114,SAMBURU
114,SIAYA
114,TAITA–TAVETA
114,TANA RIVER
114,THARAKA-NITHI
114,TRANS NZOIA
114,TURKANA
114,UASIN GISHU
114,VIHIGA
114,WAJIR
114,WEST POKOT
115,GILBERT ISLANDS
115,LINE ISLANDS
115,PHOENIX ISLANDS
116,ĐAKOVICA DISTRICT (GJAKOVE)
116,GJILAN DISTRICT
116,KOSOVSKA MITROVICA DISTRICT
116,PEĆ DISTRICT
116,PRISTINA (PRIŞTINE)
116,PRIZREN DISTRICT
116,UROŠEVAC DISTRICT (FERIZAJ)
117,AL AHMADI
117,AL FARWANIYAH
117,AL JAHRA
117,CAPITAL
117,HAWALLI
117,MUBARAK AL-KABEER
118,BATKEN REGION
118,BISHKEK
118,CHUY REGION
118,ISSYK-KUL REGION
118,JALAL-ABAD REGION
118,NARYN REGION
118,OSH
118,OSH REGION
118,TALAS REGION
119,ATTAPEU PROVINCE
119,BOKEO PROVINCE
119,BOLIKHAMSAI PROVINCE
119,CHAMPASAK PROVINCE
119,HOUAPHANH PROVINCE
119,KHAMMOUANE PROVINCE
119,LUANG NAMTHA PROVINCE
119,LUANG PRABANG PROVINCE
119,OUDOMXAY PROVINCE
119,PHONGSALY PROVINCE
119,SAINYABULI PROVINCE
119,SALAVAN PROVINCE
119,SAVANNAKHET PROVINCE
119,SEKONG PROVINCE
119,VIENTIANE PREFECTURE
119,VIENTIANE PROVINCE
119,XAISOMBOUN
119,XAISOMBOUN PROVINCE
119,XIANGKHOUANG PROVINCE
120,AGLONA MUNICIPALITY
120,AIZKRAUKLE MUNICIPALITY
120,AIZPUTE MUNICIPALITY
120,AKNĪSTE MUNICIPALITY
120,ALOJA MUNICIPALITY
120,ALSUNGA MUNICIPALITY
120,ALŪKSNE MUNICIPALITY
120,AMATA MUNICIPALITY
120,APE MUNICIPALITY
120,AUCE MUNICIPALITY
120,BABĪTE MUNICIPALITY
120,BALDONE MUNICIPALITY
120,BALTINAVA MUNICIPALITY
120,BALVI MUNICIPALITY
120,BAUSKA MUNICIPALITY
120,BEVERĪNA MUNICIPALITY
120,BROCĒNI MUNICIPALITY
120,BURTNIEKI MUNICIPALITY
120,CARNIKAVA MUNICIPALITY
120,CĒSIS MUNICIPALITY
120,CESVAINE MUNICIPALITY
120,CIBLA MUNICIPALITY
120,DAGDA MUNICIPALITY
120,DAUGAVPILS
120,DAUGAVPILS MUNICIPALITY
120,DOBELE MUNICIPALITY
120,DUNDAGA MUNICIPALITY
120,DURBE MUNICIPALITY
120,ENGURE MUNICIPALITY
120,ĒRGĻI MUNICIPALITY
120,GARKALNE MUNICIPALITY
120,GROBIŅA MUNICIPALITY
120,GULBENE MUNICIPALITY
120,IECAVA MUNICIPALITY
120,IKŠĶILE MUNICIPALITY
120,ILŪKSTE MUNICIPALITY
120,INČUKALNS MUNICIPALITY
120,JAUNJELGAVA MUNICIPALITY
120,JAUNPIEBALGA MUNICIPALITY
120,JAUNPILS MUNICIPALITY
120,JĒKABPILS
120,JĒKABPILS MUNICIPALITY
120,JELGAVA
120,JELGAVA MUNICIPALITY
120,JŪRMALA
120,KANDAVA MUNICIPALITY
120,KĀRSAVA MUNICIPALITY
120,ĶEGUMS MUNICIPALITY
120,ĶEKAVA MUNICIPALITY
120,KOCĒNI MUNICIPALITY
120,KOKNESE MUNICIPALITY
120,KRĀSLAVA MUNICIPALITY
120,KRIMULDA MUNICIPALITY
120,KRUSTPILS MUNICIPALITY
120,KULDĪGA MUNICIPALITY
120,LIELVĀRDE MUNICIPALITY
120,LIEPĀJA
120,LĪGATNE MUNICIPALITY
120,LIMBAŽI MUNICIPALITY
120,LĪVĀNI MUNICIPALITY
120,LUBĀNA MUNICIPALITY
120,LUDZA MUNICIPALITY
120,MADONA MUNICIPALITY
120,MĀLPILS MUNICIPALITY
120,MĀRUPE MUNICIPALITY
120,MAZSALACA MUNICIPALITY
120,MĒRSRAGS MUNICIPALITY
120,NAUKŠĒNI MUNICIPALITY
120,NERETA MUNICIPALITY
120,NĪCA MUNICIPALITY
120,OGRE MUNICIPALITY
120,OLAINE MUNICIPALITY
120,OZOLNIEKI MUNICIPALITY
120,PĀRGAUJA MUNICIPALITY
120,PĀVILOSTA MUNICIPALITY
120,PĻAVIŅAS MUNICIPALITY
120,PREIĻI MUNICIPALITY
120,PRIEKULE MUNICIPALITY
120,PRIEKUĻI MUNICIPALITY
120,RAUNA MUNICIPALITY
120,RĒZEKNE
120,RĒZEKNE MUNICIPALITY
120,RIEBIŅI MUNICIPALITY
120,RIGA
120,ROJA MUNICIPALITY
120,ROPAŽI MUNICIPALITY
120,RUCAVA MUNICIPALITY
120,RUGĀJI MUNICIPALITY
120,RŪJIENA MUNICIPALITY
120,RUNDĀLE MUNICIPALITY
120,SALA MUNICIPALITY
120,SALACGRĪVA MUNICIPALITY
120,SALASPILS MUNICIPALITY
120,SALDUS MUNICIPALITY
120,SAULKRASTI MUNICIPALITY
120,SĒJA MUNICIPALITY
120,SIGULDA MUNICIPALITY
120,SKRĪVERI MUNICIPALITY
120,SKRUNDA MUNICIPALITY
120,SMILTENE MUNICIPALITY
120,STOPIŅI MUNICIPALITY
120,STRENČI MUNICIPALITY
120,TALSI MUNICIPALITY
120,TĒRVETE MUNICIPALITY
120,TUKUMS MUNICIPALITY
120,VAIŅODE MUNICIPALITY
120,VALKA MUNICIPALITY
120,VALMIERA
120,VARAKĻĀNI MUNICIPALITY
120,VĀRKAVA MUNICIPALITY
120,VECPIEBALGA MUNICIPALITY
120,VECUMNIEKI MUNICIPALITY
120,VENTSPILS
120,VENTSPILS MUNICIPALITY
120,VIESĪTE MUNICIPALITY
120,VIĻAKA MUNICIPALITY
120,VIĻĀNI MUNICIPALITY
120,ZILUPE MUNICIPALITY
121,AKKAR
121,BAALBEK-HERMEL
121,BEIRUT
121,BEQAA
121,MOUNT LEBANON
121,NABATIEH
121,NORTH
121,SOUTH
122,BEREA DISTRICT
122,BUTHA-BUTHE DISTRICT
122,LERIBE DISTRICT
122,MAFETENG DISTRICT
122,MASERU DISTRICT
122,MOHALE'S HOEK DISTRICT
122,MOKHOTLONG DISTRICT
122,QACHA'S NEK DISTRICT
122,QUTHING DISTRICT
122,THABA-TSEKA DISTRICT
123,BOMI COUNTY
123,BONG COUNTY
123,GBARPOLU COUNTY
123,GRAND BASSA COUNTY
123,GRAND CAPE MOUNT COUNTY
123,GRAND GEDEH COUNTY
123,GRAND KRU COUNTY
123,LOFA COUNTY
123,MARGIBI COUNTY
123,MARYLAND COUNTY
123,MONTSERRADO COUNTY
123,NIMBA
123,RIVER CESS COUNTY
123,RIVER GEE COUNTY
123,SINOE COUNTY
124,AL WAHAT DISTRICT
124,BENGHAZI
124,DERNA DISTRICT
124,GHAT DISTRICT
124,JABAL AL AKHDAR
124,JABAL AL GHARBI DISTRICT
124,JAFARA
124,JUFRA
124,KUFRA DISTRICT
124,MARJ DISTRICT
124,MISRATA DISTRICT
124,MURQUB
124,MURZUQ DISTRICT
124,NALUT DISTRICT
124,NUQAT AL KHAMS
124,SABHA DISTRICT
124,SIRTE DISTRICT
124,TRIPOLI DISTRICT
124,WADI AL HAYAA DISTRICT
124,WADI AL SHATII DISTRICT
124,ZAWIYA DISTRICT
125,BALZERS
125,ESCHEN
125,GAMPRIN
125,MAUREN
125,PLANKEN
125,RUGGELL
125,SCHAAN
125,SCHELLENBERG
125,TRIESEN
125,TRIESENBERG
125,VADUZ
126,AKMENĖ DISTRICT MUNICIPALITY
126,ALYTUS CITY MUNICIPALITY
126,ALYTUS COUNTY
126,ALYTUS DISTRICT MUNICIPALITY
126,BIRŠTONAS MUNICIPALITY
126,BIRŽAI DISTRICT MUNICIPALITY
126,DRUSKININKAI MUNICIPALITY
126,ELEKTRĖNAI MUNICIPALITY
126,IGNALINA DISTRICT MUNICIPALITY
126,JONAVA DISTRICT MUNICIPALITY
126,JONIŠKIS DISTRICT MUNICIPALITY
126,JURBARKAS DISTRICT MUNICIPALITY
126,KAIŠIADORYS DISTRICT MUNICIPALITY
126,KALVARIJA MUNICIPALITY
126,KAUNAS CITY MUNICIPALITY
126,KAUNAS COUNTY
126,KAUNAS DISTRICT MUNICIPALITY
126,KAZLŲ RŪDA MUNICIPALITY
126,KĖDAINIAI DISTRICT MUNICIPALITY
126,KELMĖ DISTRICT MUNICIPALITY
126,KLAIPEDA CITY MUNICIPALITY
126,KLAIPĖDA COUNTY
126,KLAIPĖDA DISTRICT MUNICIPALITY
126,KRETINGA DISTRICT MUNICIPALITY
126,KUPIŠKIS DISTRICT MUNICIPALITY
126,LAZDIJAI DISTRICT MUNICIPALITY
126,MARIJAMPOLĖ COUNTY
126,MARIJAMPOLĖ MUNICIPALITY
126,MAŽEIKIAI DISTRICT MUNICIPALITY
126,MOLĖTAI DISTRICT MUNICIPALITY
126,NERINGA MUNICIPALITY
126,PAGĖGIAI MUNICIPALITY
126,PAKRUOJIS DISTRICT MUNICIPALITY
126,PALANGA CITY MUNICIPALITY
126,PANEVĖŽYS CITY MUNICIPALITY
126,PANEVĖŽYS COUNTY
126,PANEVĖŽYS DISTRICT MUNICIPALITY
126,PASVALYS DISTRICT MUNICIPALITY
126,PLUNGĖ DISTRICT MUNICIPALITY
126,PRIENAI DISTRICT MUNICIPALITY
126,RADVILIŠKIS DISTRICT MUNICIPALITY
126,RASEINIAI DISTRICT MUNICIPALITY
126,RIETAVAS MUNICIPALITY
126,ROKIŠKIS DISTRICT MUNICIPALITY
126,ŠAKIAI DISTRICT MUNICIPALITY
126,ŠALČININKAI DISTRICT MUNICIPALITY
126,ŠIAULIAI CITY MUNICIPALITY
126,ŠIAULIAI COUNTY
126,ŠIAULIAI DISTRICT MUNICIPALITY
126,ŠILALĖ DISTRICT MUNICIPALITY
126,ŠILUTĖ DISTRICT MUNICIPALITY
126,ŠIRVINTOS DISTRICT MUNICIPALITY
126,SKUODAS DISTRICT MUNICIPALITY
126,ŠVENČIONYS DISTRICT MUNICIPALITY
126,TAURAGĖ COUNTY
126,TAURAGĖ DISTRICT MUNICIPALITY
126,TELŠIAI COUNTY
126,TELŠIAI DISTRICT MUNICIPALITY
126,TRAKAI DISTRICT MUNICIPALITY
126,UKMERGĖ DISTRICT MUNICIPALITY
126,UTENA COUNTY
126,UTENA DISTRICT MUNICIPALITY
126,VARĖNA DISTRICT MUNICIPALITY
126,VILKAVIŠKIS DISTRICT MUNICIPALITY
126,VILNIUS CITY MUNICIPALITY
126,VILNIUS COUNTY
126,VILNIUS DISTRICT MUNICIPALITY
126,VISAGINAS MUNICIPALITY
126,ZARASAI DISTRICT MUNICIPALITY
127,CANTON OF CAPELLEN
127,CANTON OF CLERVAUX
127,CANTON OF DIEKIRCH
127,CANTON OF ECHTERNACH
127,CANTON OF ESCH-SUR-ALZETTE
127,CANTON OF GREVENMACHER
127,CANTON OF LUXEMBOURG
127,CANTON OF MERSCH
127,CANTON OF REDANGE
127,CANTON OF REMICH
127,CANTON OF VIANDEN
127,CANTON OF WILTZ
127,DIEKIRCH DISTRICT
127,GREVENMACHER DISTRICT
127,LUXEMBOURG DISTRICT
129,AERODROM MUNICIPALITY
129,ARAČINOVO MUNICIPALITY
129,BEROVO MUNICIPALITY
129,BITOLA MUNICIPALITY
129,BOGDANCI MUNICIPALITY
129,BOGOVINJE MUNICIPALITY
129,BOSILOVO MUNICIPALITY
129,BRVENICA MUNICIPALITY
129,BUTEL MUNICIPALITY
129,ČAIR MUNICIPALITY
129,ČAŠKA MUNICIPALITY
129,CENTAR MUNICIPALITY
129,CENTAR ŽUPA MUNICIPALITY
129,ČEŠINOVO-OBLEŠEVO MUNICIPALITY
129,ČUČER-SANDEVO MUNICIPALITY
129,DEBARCA MUNICIPALITY
129,DELČEVO MUNICIPALITY
129,DEMIR HISAR MUNICIPALITY
129,DEMIR KAPIJA MUNICIPALITY
129,DOJRAN MUNICIPALITY
129,DOLNENI MUNICIPALITY
129,DRUGOVO MUNICIPALITY
129,GAZI BABA MUNICIPALITY
129,GEVGELIJA MUNICIPALITY
129,GJORČE PETROV MUNICIPALITY
129,GOSTIVAR MUNICIPALITY
129,GRADSKO MUNICIPALITY
129,GREATER SKOPJE
129,ILINDEN MUNICIPALITY
129,JEGUNOVCE MUNICIPALITY
129,KARBINCI
129,KARPOŠ MUNICIPALITY
129,KAVADARCI MUNICIPALITY
129,KIČEVO MUNICIPALITY
129,KISELA VODA MUNICIPALITY
129,KOČANI MUNICIPALITY
129,KONČE MUNICIPALITY
129,KRATOVO MUNICIPALITY
129,KRIVA PALANKA MUNICIPALITY
129,KRIVOGAŠTANI MUNICIPALITY
129,KRUŠEVO MUNICIPALITY
129,KUMANOVO MUNICIPALITY
129,LIPKOVO MUNICIPALITY
129,LOZOVO MUNICIPALITY
129,MAKEDONSKA KAMENICA MUNICIPALITY
129,MAKEDONSKI BROD MUNICIPALITY
129,MAVROVO AND ROSTUŠA MUNICIPALITY
129,MOGILA MUNICIPALITY
129,NEGOTINO MUNICIPALITY
129,NOVACI MUNICIPALITY
129,NOVO SELO MUNICIPALITY
129,OHRID MUNICIPALITY
129,OSLOMEJ MUNICIPALITY
129,PEHČEVO MUNICIPALITY
129,PETROVEC MUNICIPALITY
129,PLASNICA MUNICIPALITY
129,PRILEP MUNICIPALITY
129,PROBIŠTIP MUNICIPALITY
129,RADOVIŠ MUNICIPALITY
129,RANKOVCE MUNICIPALITY
129,RESEN MUNICIPALITY
129,ROSOMAN MUNICIPALITY
129,SARAJ MUNICIPALITY
129,SOPIŠTE MUNICIPALITY
129,STARO NAGORIČANE MUNICIPALITY
129,ŠTIP MUNICIPALITY
129,STRUGA MUNICIPALITY
129,STRUMICA MUNICIPALITY
129,STUDENIČANI MUNICIPALITY
129,ŠUTO ORIZARI MUNICIPALITY
129,SVETI NIKOLE MUNICIPALITY
129,TEARCE MUNICIPALITY
129,TETOVO MUNICIPALITY
129,VALANDOVO MUNICIPALITY
129,VASILEVO MUNICIPALITY
129,VELES MUNICIPALITY
129,VEVČANI MUNICIPALITY
129,VINICA MUNICIPALITY
129,VRANEŠTICA MUNICIPALITY
129,VRAPČIŠTE MUNICIPALITY
129,ZAJAS MUNICIPALITY
129,ZELENIKOVO MUNICIPALITY
129,ŽELINO MUNICIPALITY
129,ZRNOVCI MUNICIPALITY
130,ANTANANARIVO PROVINCE
130,ANTSIRANANA PROVINCE
130,FIANARANTSOA PROVINCE
130,MAHAJANGA PROVINCE
130,TOAMASINA PROVINCE
130,TOLIARA PROVINCE
131,BALAKA DISTRICT
131,BLANTYRE DISTRICT
131,CENTRAL REGION
131,CHIKWAWA DISTRICT
131,CHIRADZULU DISTRICT
131,CHITIPA DISTRICT
131,DEDZA DISTRICT
131,DOWA DISTRICT
131,KARONGA DISTRICT
131,KASUNGU DISTRICT
131,LIKOMA DISTRICT
131,LILONGWE DISTRICT
131,MACHINGA DISTRICT
131,MANGOCHI DISTRICT
131,MCHINJI DISTRICT
131,MULANJE DISTRICT
131,MWANZA DISTRICT
131,MZIMBA DISTRICT
131,NKHATA BAY DISTRICT
131,NKHOTAKOTA DISTRICT
131,NORTHERN REGION
131,NSANJE DISTRICT
131,NTCHEU DISTRICT
131,NTCHISI DISTRICT
131,PHALOMBE DISTRICT
131,RUMPHI DISTRICT
131,SALIMA DISTRICT
131,SOUTHERN REGION
131,THYOLO DISTRICT
131,ZOMBA DISTRICT
132,JOHOR
132,KEDAH
132,KELANTAN
132,KUALA LUMPUR
132,LABUAN
132,MALACCA
132,NEGERI SEMBILAN
132,PAHANG
132,PENANG
132,PERAK
132,PERLIS
132,PUTRAJAYA
132,SABAH
132,SARAWAK
132,SELANGOR
132,TERENGGANU
133,ADDU ATOLL
133,ALIF ALIF ATOLL
133,ALIF DHAAL ATOLL
133,CENTRAL PROVINCE
133,DHAALU ATOLL
133,FAAFU ATOLL
133,GAAFU ALIF ATOLL
133,GAAFU DHAALU ATOLL
133,GNAVIYANI ATOLL
133,HAA ALIF ATOLL
133,HAA DHAALU ATOLL
133,KAAFU ATOLL
133,LAAMU ATOLL
133,LHAVIYANI ATOLL
133,MALÉ
133,MEEMU ATOLL
133,NOONU ATOLL
133,NORTH CENTRAL PROVINCE
133,NORTH PROVINCE
133,RAA ATOLL
133,SHAVIYANI ATOLL
133,SOUTH CENTRAL PROVINCE
133,SOUTH PROVINCE
133,THAA ATOLL
133,UPPER SOUTH PROVINCE
133,VAAVU ATOLL
134,BAMAKO
134,GAO REGION
134,KAYES REGION
134,KIDAL REGION
134,KOULIKORO REGION
134,MÉNAKA REGION
134,MOPTI REGION
134,SÉGOU REGION
134,SIKASSO REGION
134,TAOUDÉNIT REGION
134,TOMBOUCTOU REGION
135,ATTARD
135,BALZAN
135,BIRGU
135,BIRKIRKARA
135,BIRŻEBBUĠA
135,COSPICUA
135,DINGLI
135,FGURA
135,FLORIANA
135,FONTANA
135,GĦAJNSIELEM
135,GĦARB
135,GĦARGĦUR
135,GĦASRI
135,GĦAXAQ
135,GUDJA
135,GŻIRA
135,ĦAMRUN
135,IKLIN
135,KALKARA
135,KERĊEM
135,KIRKOP
135,LIJA
135,LUQA
135,MARSA
135,MARSASKALA
135,MARSAXLOKK
135,MDINA
135,MELLIEĦA
135,MĠARR
135,MOSTA
135,MQABBA
135,MSIDA
135,MTARFA
135,MUNXAR
135,NADUR
135,NAXXAR
135,PAOLA
135,PEMBROKE
135,PIETÀ
135,QALA
135,QORMI
135,QRENDI
135,RABAT
135,SAINT LAWRENCE
135,SAN ĠWANN
135,SANNAT
135,SANTA LUĊIJA
135,SANTA VENERA
135,SENGLEA
135,SIĠĠIEWI
135,SLIEMA
135,ST. JULIAN'S
135,ST. PAUL'S BAY
135,SWIEQI
135,TA' XBIEX
135,TARXIEN
135,VALLETTA
135,VICTORIA
135,XAGĦRA
135,XEWKIJA
135,XGĦAJRA
135,ŻABBAR
135,ŻEBBUĠ GOZO
135,ŻEBBUĠ MALTA
135,ŻEJTUN
135,ŻURRIEQ
137,RALIK CHAIN
137,RATAK CHAIN
139,ADRAR
139,ASSABA
139,BRAKNA
139,DAKHLET NOUADHIBOU
139,GORGOL
139,GUIDIMAKA
139,HODH ECH CHARGUI
139,HODH EL GHARBI
139,INCHIRI
139,NOUAKCHOTT-NORD
139,NOUAKCHOTT-OUEST
139,NOUAKCHOTT-SUD
139,TAGANT
139,TIRIS ZEMMOUR
139,TRARZA
140,AGALEGA ISLANDS
140,BLACK RIVER
140,FLACQ
140,GRAND PORT
140,MOKA
140,PAMPLEMOUSSES
140,PLAINES WILHEMS
140,PORT LOUIS
140,RIVIÈRE DU REMPART
140,RODRIGUES ISLAND
140,SAINT BRANDON ISLANDS
140,SAVANNE
142,AGUASCALIENTES
142,BAJA CALIFORNIA
142,BAJA CALIFORNIA SUR
142,CAMPECHE
142,CHIAPAS
142,CHIHUAHUA
142,CIUDAD DE MÉXICO
142,COAHUILA DE ZARAGOZA
142,COLIMA
142,DURANGO
142,ESTADO DE MÉXICO
142,GUANAJUATO
142,GUERRERO
142,HIDALGO
142,JALISCO
142,MICHOACÁN DE OCAMPO
142,MORELOS
142,NAYARIT
142,NUEVO LEÓN
142,OAXACA
142,PUEBLA
142,QUERÉTARO
142,QUINTANA ROO
142,SAN LUIS POTOSÍ
142,SINALOA
142,SONORA
142,TABASCO
142,TAMAULIPAS
142,TLAXCALA
142,VERACRUZ DE IGNACIO DE LA LLAVE
142,YUCATÁN
142,ZACATECAS
143,CHUUK STATE
143,KOSRAE STATE
143,POHNPEI STATE
143,YAP STATE
144,ANENII NOI DISTRICT
144,BĂLȚI MUNICIPALITY
144,BASARABEASCA DISTRICT
144,BENDER MUNICIPALITY
144,BRICENI DISTRICT
144,CAHUL DISTRICT
144,CĂLĂRAȘI DISTRICT
144,CANTEMIR DISTRICT
144,CĂUȘENI DISTRICT
144,CHIȘINĂU MUNICIPALITY
144,CIMIȘLIA DISTRICT
144,CRIULENI DISTRICT
144,DONDUȘENI DISTRICT
144,DROCHIA DISTRICT
144,DUBĂSARI DISTRICT
144,EDINEȚ DISTRICT
144,FĂLEȘTI DISTRICT
144,FLOREȘTI DISTRICT
144,GAGAUZIA
144,GLODENI DISTRICT
144,HÎNCEȘTI DISTRICT
144,IALOVENI DISTRICT
144,NISPORENI DISTRICT
144,OCNIȚA DISTRICT
144,ORHEI DISTRICT
144,REZINA DISTRICT
144,RÎȘCANI DISTRICT
144,SÎNGEREI DISTRICT
144,ȘOLDĂNEȘTI DISTRICT
144,SOROCA DISTRICT
144,ȘTEFAN VODĂ DISTRICT
144,STRĂȘENI DISTRICT
144,TARACLIA DISTRICT
144,TELENEȘTI DISTRICT
144,TRANSNISTRIA AUTONOMOUS TERRITORIAL UNIT
144,UNGHENI DISTRICT
145,LA COLLE
145,LA CONDAMINE
145,MONEGHETTI
146,ARKHANGAI PROVINCE
146,BAYAN-ÖLGII PROVINCE
146,BAYANKHONGOR PROVINCE
146,BULGAN PROVINCE
146,DARKHAN-UUL PROVINCE
146,DORNOD PROVINCE
146,DORNOGOVI PROVINCE
146,DUNDGOVI PROVINCE
146,GOVI-ALTAI PROVINCE
146,GOVISÜMBER PROVINCE
146,KHENTII PROVINCE
146,KHOVD PROVINCE
146,KHÖVSGÖL PROVINCE
146,ÖMNÖGOVI PROVINCE
146,ORKHON PROVINCE
146,ÖVÖRKHANGAI PROVINCE
146,SELENGE PROVINCE
146,SÜKHBAATAR PROVINCE
146,TÖV PROVINCE
146,UVS PROVINCE
146,ZAVKHAN PROVINCE
147,ANDRIJEVICA MUNICIPALITY
147,BAR MUNICIPALITY
147,BERANE MUNICIPALITY
147,BIJELO POLJE MUNICIPALITY
147,BUDVA MUNICIPALITY
147,DANILOVGRAD MUNICIPALITY
147,GUSINJE MUNICIPALITY
147,KOLAŠIN MUNICIPALITY
147,KOTOR MUNICIPALITY
147,MOJKOVAC MUNICIPALITY
147,NIKŠIĆ MUNICIPALITY
147,OLD ROYAL CAPITAL CETINJE
147,PETNJICA MUNICIPALITY
147,PLAV MUNICIPALITY
147,PLJEVLJA MUNICIPALITY
147,PLUŽINE MUNICIPALITY
147,PODGORICA MUNICIPALITY
147,ROŽAJE MUNICIPALITY
147,ŠAVNIK MUNICIPALITY
147,TIVAT MUNICIPALITY
147,ULCINJ MUNICIPALITY
147,ŽABLJAK MUNICIPALITY
149,AGADIR-IDA-OU-TANANE
149,AL HAOUZ
149,AL HOCEÏMA
149,AOUSSERD (EH)
149,ASSA-ZAG (EH-PARTIAL)
149,AZILAL
149,BÉNI MELLAL
149,BÉNI MELLAL-KHÉNIFRA
149,BENSLIMANE
149,BERKANE
149,BERRECHID
149,BOUJDOUR (EH)
149,BOULEMANE
149,CASABLANCA
149,CASABLANCA-SETTAT
149,CHEFCHAOUEN
149,CHICHAOUA
149,CHTOUKA-AIT BAHA
149,DAKHLA-OUED ED-DAHAB (EH)
149,DRÂA-TAFILALET
149,DRIOUCH
149,EL HAJEB
149,EL JADIDA
149,EL KELÂA DES SRAGHNA
149,ERRACHIDIA
149,ES-SEMARA (EH-PARTIAL)
149,ESSAOUIRA
149,FAHS-ANJRA
149,FÈS
149,FÈS-MEKNÈS
149,FIGUIG
149,FQUIH BEN SALAH
149,GUELMIM
149,GUELMIM-OUED NOUN (EH-PARTIAL)
149,GUERCIF
149,IFRANE
149,INEZGANE-AIT MELLOUL
149,JERADA
149,KÉNITRA
149,KHÉMISSET
149,KHÉNIFRA
149,KHOURIBGA
149,L'ORIENTAL
149,LAÂYOUNE (EH)
149,LAÂYOUNE-SAKIA EL HAMRA (EH-PARTIAL)
149,LARACHE
149,M’DIQ-FNIDEQ
149,MARRAKECH
149,MARRAKESH-SAFI
149,MÉDIOUNA
149,MEKNÈS
149,MIDELT
149,MOHAMMADIA
149,MOULAY YACOUB
149,NADOR
149,NOUACEUR
149,OUARZAZATE
149,OUED ED-DAHAB (EH)
149,OUEZZANE
149,OUJDA-ANGAD
149,RABAT
149,RABAT-SALÉ-KÉNITRA
149,REHAMNA
149,SAFI
149,SALÉ
149,SEFROU
149,SETTAT
149,SIDI BENNOUR
149,SIDI IFNI
149,SIDI KACEM
149,SIDI SLIMANE
149,SKHIRATE-TÉMARA
149,SOUSS-MASSA
149,TAN-TAN (EH-PARTIAL)
149,TANGER-ASSILAH
149,TANGER-TÉTOUAN-AL HOCEÏMA
149,TAOUNATE
149,TAOURIRT
149,TARFAYA (EH-PARTIAL)
149,TAROUDANNT
149,TATA
149,TAZA
149,TÉTOUAN
149,TINGHIR
149,TIZNIT
149,YOUSSOUFIA
149,ZAGORA
150,CABO DELGADO PROVINCE
150,GAZA PROVINCE
150,INHAMBANE PROVINCE
150,MANICA PROVINCE
150,MAPUTO
150,MAPUTO PROVINCE
150,NAMPULA PROVINCE
150,NIASSA PROVINCE
150,SOFALA PROVINCE
150,TETE PROVINCE
150,ZAMBEZIA PROVINCE
151,AYEYARWADY REGION
151,BAGO
151,CHIN STATE
151,KACHIN STATE
151,KAYAH STATE
151,KAYIN STATE
151,MAGWAY REGION
151,MANDALAY REGION
151,MON STATE
151,NAYPYIDAW UNION TERRITORY
151,RAKHINE STATE
151,SAGAING REGION
151,SHAN STATE
151,TANINTHARYI REGION
151,YANGON REGION
152,ERONGO REGION
152,HARDAP REGION
152,KARAS REGION
152,KAVANGO EAST REGION
152,KAVANGO WEST REGION
152,KHOMAS REGION
152,KUNENE REGION
152,OHANGWENA REGION
152,OMAHEKE REGION
152,OMUSATI REGION
152,OSHANA REGION
152,OSHIKOTO REGION
152,OTJOZONDJUPA REGION
152,ZAMBEZI REGION
153,AIWO DISTRICT
153,ANABAR DISTRICT
153,ANETAN DISTRICT
153,ANIBARE DISTRICT
153,BAITI DISTRICT
153,BOE DISTRICT
153,BUADA DISTRICT
153,DENIGOMODU DISTRICT
153,EWA DISTRICT
153,IJUW DISTRICT
153,MENENG DISTRICT
153,NIBOK DISTRICT
153,UABOE DISTRICT
153,YAREN DISTRICT
154,BAGMATI ZONE
154,BHERI ZONE
154,CENTRAL REGION
154,DHAULAGIRI ZONE
154,EASTERN DEVELOPMENT REGION
154,FAR-WESTERN DEVELOPMENT REGION
154,GANDAKI ZONE
154,JANAKPUR ZONE
154,KARNALI ZONE
154,KOSI ZONE
154,LUMBINI ZONE
154,MAHAKALI ZONE
154,MECHI ZONE
154,MID-WESTERN REGION
154,NARAYANI ZONE
154,RAPTI ZONE
154,SAGARMATHA ZONE
154,SETI ZONE
154,WESTERN REGION
155,BONAIRE
155,DRENTHE
155,FLEVOLAND
155,FRIESLAND
155,GELDERLAND
155,GRONINGEN
155,LIMBURG
155,NORTH BRABANT
155,NORTH HOLLAND
155,OVERIJSSEL
155,SABA
155,SINT EUSTATIUS
155,SOUTH HOLLAND
155,UTRECHT
155,ZEELAND
157,AUCKLAND REGION
157,BAY OF PLENTY REGION
157,CANTERBURY REGION
157,CHATHAM ISLANDS
157,GISBORNE DISTRICT
157,HAWKE'S BAY REGION
157,MANAWATU-WANGANUI REGION
157,MARLBOROUGH REGION
157,NELSON REGION
157,NORTHLAND REGION
157,OTAGO REGION
157,SOUTHLAND REGION
157,TARANAKI REGION
157,TASMAN DISTRICT
157,WAIKATO REGION
157,WELLINGTON REGION
157,WEST COAST REGION
158,BOACO
158,CARAZO
158,CHINANDEGA
158,CHONTALES
158,ESTELÍ
158,GRANADA
158,JINOTEGA
158,LEÓN
158,MADRIZ
158,MANAGUA
158,MASAYA
158,MATAGALPA
158,NORTH CARIBBEAN COAST
158,NUEVA SEGOVIA
158,RÍO SAN JUAN
158,RIVAS
158,SOUTH CARIBBEAN COAST
159,AGADEZ REGION
159,DIFFA REGION
159,DOSSO REGION
159,MARADI REGION
159,TAHOUA REGION
159,TILLABÉRI REGION
159,ZINDER REGION
160,ABIA
160,ABUJA FEDERAL CAPITAL TERRITORY
160,ADAMAWA
160,AKWA IBOM
160,ANAMBRA
160,BAUCHI
160,BAYELSA
160,BENUE
160,BORNO
160,CROSS RIVER
160,DELTA
160,EBONYI
160,EDO
160,EKITI
160,ENUGU
160,GOMBE
160,IMO
160,JIGAWA
160,KADUNA
160,KANO
160,KATSINA
160,KEBBI
160,KOGI
160,KWARA
160,LAGOS
160,NASARAWA
160,NIGER
160,OGUN
160,ONDO
160,OSUN
160,OYO
160,PLATEAU
160,RIVERS
160,SOKOTO
160,TARABA
160,YOBE
160,ZAMFARA
163,CHAGANG PROVINCE
163,KANGWON PROVINCE
163,NORTH HAMGYONG PROVINCE
163,NORTH HWANGHAE PROVINCE
163,NORTH PYONGAN PROVINCE
163,PYONGYANG
163,RASON
163,RYANGGANG PROVINCE
163,SOUTH HAMGYONG PROVINCE
163,SOUTH HWANGHAE PROVINCE
163,SOUTH PYONGAN PROVINCE
165,AGDER
165,INNLANDET
165,JAN MAYEN
165,MØRE OG ROMSDAL
165,NORDLAND
165,OSLO
165,ROGALAND
165,SVALBARD
165,TROMS OG FINNMARK
165,TRØNDELAG
165,VESTFOLD OG TELEMARK
165,VESTLAND
165,VIKEN
166,AD DAKHILIYAH
166,AD DHAHIRAH
166,AL BATINAH NORTH
166,AL BATINAH REGION
166,AL BATINAH SOUTH
166,AL BURAIMI
166,AL WUSTA
166,ASH SHARQIYAH NORTH
166,ASH SHARQIYAH REGION
166,ASH SHARQIYAH SOUTH
166,DHOFAR
166,MUSANDAM
166,MUSCAT
167,AZAD KASHMIR
167,BALOCHISTAN
167,FEDERALLY ADMINISTERED TRIBAL AREAS
167,GILGIT-BALTISTAN
167,ISLAMABAD CAPITAL TERRITORY
167,KHYBER PAKHTUNKHWA
167,PUNJAB
167,SINDH
168,AIMELIIK
168,AIRAI
168,ANGAUR
168,HATOHOBEI
168,KAYANGEL
168,KOROR
168,MELEKEOK
168,NGARAARD
168,NGARCHELONG
168,NGARDMAU
168,NGATPANG
168,NGCHESAR
168,NGEREMLENGUI
168,NGIWAL
168,PELELIU
168,SONSOROL
169,BETHLEHEM
169,DEIR EL BALAH
169,GAZA
169,HEBRON
169,JENIN
169,JERICHO AND AL AGHWAR
169,JERUSALEM
169,KHAN YUNIS
169,NABLUS
169,NORTH GAZA
169,QALQILYA
169,RAFAH
169,RAMALLAH
169,SALFIT
169,TUBAS
169,TULKARM
170,BOCAS DEL TORO PROVINCE
170,CHIRIQUÍ PROVINCE
170,COCLÉ PROVINCE
170,COLÓN PROVINCE
170,DARIÉN PROVINCE
170,EMBERÁ-WOUNAAN COMARCA
170,GUNA YALA
170,HERRERA PROVINCE
170,LOS SANTOS PROVINCE
170,NGÖBE-BUGLÉ COMARCA
170,PANAMÁ OESTE PROVINCE
170,PANAMÁ PROVINCE
170,VERAGUAS PROVINCE
171,BOUGAINVILLE
171,CENTRAL PROVINCE
171,CHIMBU PROVINCE
171,EAST NEW BRITAIN
171,EASTERN HIGHLANDS PROVINCE
171,ENGA PROVINCE
171,GULF
171,HELA
171,JIWAKA PROVINCE
171,MADANG PROVINCE
171,MANUS PROVINCE
171,MILNE BAY PROVINCE
171,MOROBE PROVINCE
171,NEW IRELAND PROVINCE
171,ORO PROVINCE
171,PORT MORESBY
171,SANDAUN PROVINCE
171,SOUTHERN HIGHLANDS PROVINCE
171,WEST NEW BRITAIN PROVINCE
171,WESTERN HIGHLANDS PROVINCE
171,WESTERN PROVINCE
172,ALTO PARAGUAY DEPARTMENT
172,ALTO PARANÁ DEPARTMENT
172,AMAMBAY DEPARTMENT
172,BOQUERÓN DEPARTMENT
172,CAAGUAZÚ
172,CAAZAPÁ
172,CANINDEYÚ
172,CENTRAL DEPARTMENT
172,CONCEPCIÓN DEPARTMENT
172,CORDILLERA DEPARTMENT
172,GUAIRÁ DEPARTMENT
172,ITAPÚA
172,MISIONES DEPARTMENT
172,ÑEEMBUCÚ DEPARTMENT
172,PARAGUARÍ DEPARTMENT
172,PRESIDENTE HAYES DEPARTMENT
172,SAN PEDRO DEPARTMENT
173,AMAZONAS
173,ÁNCASH
173,APURÍMAC
173,AREQUIPA
173,AYACUCHO
173,CAJAMARCA
173,CALLAO
173,CUSCO
173,HUANCAVELICA
173,HUANUCO
173,ICA
173,JUNÍN
173,LA LIBERTAD
173,LAMBAYEQUE
173,LIMA
173,LORETO
173,MADRE DE DIOS
173,MOQUEGUA
173,PASCO
173,PIURA
173,PUNO
173,SAN MARTÍN
173,TACNA
173,TUMBES
173,UCAYALI
174,ABRA
174,AGUSAN DEL NORTE
174,AGUSAN DEL SUR
174,AKLAN
174,ALBAY
174,ANTIQUE
174,APAYAO
174,AURORA
174,AUTONOMOUS REGION IN MUSLIM MINDANAO
174,BASILAN
174,BATAAN
174,BATANES
174,BATANGAS
174,BENGUET
174,BICOL
174,BILIRAN
174,BOHOL
174,BUKIDNON
174,BULACAN
174,CAGAYAN
174,CAGAYAN VALLEY
174,CALABARZON
174,CAMARINES NORTE
174,CAMARINES SUR
174,CAMIGUIN
174,CAPIZ
174,CARAGA
174,CATANDUANES
174,CAVITE
174,CEBU
174,CENTRAL LUZON
174,CENTRAL VISAYAS
174,COMPOSTELA VALLEY
174,CORDILLERA ADMINISTRATIVE
174,COTABATO
174,DAVAO
174,DAVAO DEL NORTE
174,DAVAO DEL SUR
174,DAVAO OCCIDENTAL
174,DAVAO ORIENTAL
174,DINAGAT ISLANDS
174,EASTERN SAMAR
174,EASTERN VISAYAS
174,GUIMARAS
174,IFUGAO
174,ILOCOS
174,ILOCOS NORTE
174,ILOCOS SUR
174,ILOILO
174,ISABELA
174,KALINGA
174,LA UNION
174,LAGUNA
174,LANAO DEL NORTE
174,LANAO DEL SUR
174,LEYTE
174,MAGUINDANAO
174,MARINDUQUE
174,MASBATE
174,METRO MANILA
174,MIMAROPA
174,MISAMIS OCCIDENTAL
174,MISAMIS ORIENTAL
174,MOUNTAIN PROVINCE
174,NEGROS OCCIDENTAL
174,NEGROS ORIENTAL
174,NORTHERN MINDANAO
174,NORTHERN SAMAR
174,NUEVA ECIJA
174,NUEVA VIZCAYA
174,OCCIDENTAL MINDORO
174,ORIENTAL MINDORO
174,PALAWAN
174,PAMPANGA
174,PANGASINAN
174,QUEZON
174,QUIRINO
174,RIZAL
174,ROMBLON
174,SARANGANI
174,SIQUIJOR
174,SOCCSKSARGEN
174,SORSOGON
174,SOUTH COTABATO
174,SOUTHERN LEYTE
174,SULTAN KUDARAT
174,SULU
174,SURIGAO DEL NORTE
174,SURIGAO DEL SUR
174,TARLAC
174,TAWI-TAWI
174,WESTERN SAMAR
174,WESTERN VISAYAS
174,ZAMBALES
174,ZAMBOANGA DEL NORTE
174,ZAMBOANGA DEL SUR
174,ZAMBOANGA PENINSULA
174,ZAMBOANGA SIBUGAY
176,GREATER POLAND VOIVODESHIP
176,KUYAVIAN-POMERANIAN VOIVODESHIP
176,LESSER POLAND VOIVODESHIP
176,LOWER SILESIAN VOIVODESHIP
176,LUBLIN VOIVODESHIP
176,LUBUSZ VOIVODESHIP
176,ŁÓDŹ VOIVODESHIP
176,MASOVIAN VOIVODESHIP
176,OPOLE VOIVODESHIP
176,PODKARPACKIE VOIVODESHIP
176,PODLASKIE VOIVODESHIP
176,POMERANIAN VOIVODESHIP
176,SILESIAN VOIVODESHIP
176,ŚWIĘTOKRZYSKIE VOIVODESHIP
176,WARMIAN-MASURIAN VOIVODESHIP
176,WEST POMERANIAN VOIVODESHIP
177,AÇORES
177,AVEIRO
177,BEJA
177,BRAGA
177,BRAGANÇA
177,CASTELO BRANCO
177,COIMBRA
177,ÉVORA
177,FARO
177,GUARDA
177,LEIRIA
177,LISBON
177,MADEIRA
177,PORTALEGRE
177,PORTO
177,SANTARÉM
177,SETÚBAL
177,VIANA DO CASTELO
177,VILA REAL
177,VISEU
178,ARECIBO
178,BAYAMON
178,CAGUAS
178,CAROLINA
178,GUAYNABO
178,MAYAGÜEZ
178,PONCE
178,SAN JUAN
178,TOA BAJA
178,TRUJILLO ALTO
179,AL DAAYEN
179,AL KHOR
179,AL RAYYAN MUNICIPALITY
179,AL WAKRAH
179,AL-SHAHANIYA
179,DOHA
179,MADINAT ASH SHAMAL
179,UMM SALAL MUNICIPALITY
181,ALBA
181,ARAD COUNTY
181,ARGES
181,BACĂU COUNTY
181,BIHOR COUNTY
181,BISTRIȚA-NĂSĂUD COUNTY
181,BOTOȘANI COUNTY
181,BRAILA
181,BRAȘOV COUNTY
181,BUCHAREST
181,BUZĂU COUNTY
181,CĂLĂRAȘI COUNTY
181,CARAȘ-SEVERIN COUNTY
181,CLUJ COUNTY
181,CONSTANȚA COUNTY
181,COVASNA COUNTY
181,DÂMBOVIȚA COUNTY
181,DOLJ COUNTY
181,GALAȚI COUNTY
181,GIURGIU COUNTY
181,GORJ COUNTY
181,HARGHITA COUNTY
181,HUNEDOARA COUNTY
181,IALOMIȚA COUNTY
181,IAȘI COUNTY
181,ILFOV COUNTY
181,MARAMUREȘ COUNTY
181,MEHEDINȚI COUNTY
181,MUREȘ COUNTY
181,NEAMȚ COUNTY
181,OLT COUNTY
181,PRAHOVA COUNTY
181,SĂLAJ COUNTY
181,SATU MARE COUNTY
181,SIBIU COUNTY
181,SUCEAVA COUNTY
181,TELEORMAN COUNTY
181,TIMIȘ COUNTY
181,TULCEA COUNTY
181,VÂLCEA COUNTY
181,VASLUI COUNTY
181,VRANCEA COUNTY
182,ALTAI KRAI
182,ALTAI REPUBLIC
182,AMUR OBLAST
182,ARKHANGELSK
182,ASTRAKHAN OBLAST
182,BELGOROD OBLAST
182,BRYANSK OBLAST
182,CHECHEN REPUBLIC
182,CHELYABINSK OBLAST
182,CHUKOTKA AUTONOMOUS OKRUG
182,CHUVASH REPUBLIC
182,IRKUTSK
182,IVANOVO OBLAST
182,JEWISH AUTONOMOUS OBLAST
182,KABARDINO-BALKAR REPUBLIC
182,KALININGRAD
182,KALUGA OBLAST
182,KAMCHATKA KRAI
182,KARACHAY-CHERKESS REPUBLIC
182,KEMEROVO OBLAST
182,KHABAROVSK KRAI
182,KHANTY-MANSI AUTONOMOUS OKRUG
182,KIROV OBLAST
182,KOMI REPUBLIC
182,KOSTROMA OBLAST
182,KRASNODAR KRAI
182,KRASNOYARSK KRAI
182,KURGAN OBLAST
182,KURSK OBLAST
182,LENINGRAD OBLAST
182,LIPETSK OBLAST
182,MAGADAN OBLAST
182,MARI EL REPUBLIC
182,MOSCOW
182,MOSCOW OBLAST
182,MURMANSK OBLAST
182,NENETS AUTONOMOUS OKRUG
182,NIZHNY NOVGOROD OBLAST
182,NOVGOROD OBLAST
182,NOVOSIBIRSK
182,OMSK OBLAST
182,ORENBURG OBLAST
182,ORYOL OBLAST
182,PENZA OBLAST
182,PERM KRAI
182,PRIMORSKY KRAI
182,PSKOV OBLAST
182,REPUBLIC OF ADYGEA
182,REPUBLIC OF BASHKORTOSTAN
182,REPUBLIC OF BURYATIA
182,REPUBLIC OF DAGESTAN
182,REPUBLIC OF INGUSHETIA
182,REPUBLIC OF KALMYKIA
182,REPUBLIC OF KARELIA
182,REPUBLIC OF KHAKASSIA
182,REPUBLIC OF MORDOVIA
182,REPUBLIC OF NORTH OSSETIA-ALANIA
182,REPUBLIC OF TATARSTAN
182,ROSTOV OBLAST
182,RYAZAN OBLAST
182,SAINT PETERSBURG
182,SAKHA REPUBLIC
182,SAKHALIN
182,SAMARA OBLAST
182,SARATOV OBLAST
182,SEVASTOPOL
182,SMOLENSK OBLAST
182,STAVROPOL KRAI
182,SVERDLOVSK
182,TAMBOV OBLAST
182,TOMSK OBLAST
182,TULA OBLAST
182,TUVA REPUBLIC
182,TVER OBLAST
182,TYUMEN OBLAST
182,UDMURT REPUBLIC
182,ULYANOVSK OBLAST
182,VLADIMIR OBLAST
182,VOLGOGRAD OBLAST
182,VOLOGDA OBLAST
182,VORONEZH OBLAST
182,YAMALO-NENETS AUTONOMOUS OKRUG
182,YAROSLAVL OBLAST
182,ZABAYKALSKY KRAI
183,EASTERN PROVINCE
183,KIGALI DISTRICT
183,NORTHERN PROVINCE
183,SOUTHERN PROVINCE
183,WESTERN PROVINCE
185,CHRIST CHURCH NICHOLA TOWN PARISH
185,NEVIS
185,SAINT ANNE SANDY POINT PARISH
185,SAINT GEORGE GINGERLAND PARISH
185,SAINT JAMES WINDWARD PARISH
185,SAINT JOHN CAPISTERRE PARISH
185,SAINT JOHN FIGTREE PARISH
185,SAINT KITTS
185,SAINT MARY CAYON PARISH
185,SAINT PAUL CAPISTERRE PARISH
185,SAINT PAUL CHARLESTOWN PARISH
185,SAINT PETER BASSETERRE PARISH
185,SAINT THOMAS LOWLAND PARISH
185,SAINT THOMAS MIDDLE ISLAND PARISH
185,TRINITY PALMETTO POINT PARISH
186,ANSE LA RAYE QUARTER
186,CANARIES
186,CASTRIES QUARTER
186,CHOISEUL QUARTER
186,DAUPHIN QUARTER
186,DENNERY QUARTER
186,GROS ISLET QUARTER
186,LABORIE QUARTER
186,MICOUD QUARTER
186,PRASLIN QUARTER
186,SOUFRIÈRE QUARTER
186,VIEUX FORT QUARTER
188,CHARLOTTE PARISH
188,GRENADINES PARISH
188,SAINT ANDREW PARISH
188,SAINT DAVID PARISH
188,SAINT GEORGE PARISH
188,SAINT PATRICK PARISH
191,A'ANA
191,AIGA-I-LE-TAI
191,ATUA
191,FA'ASALELEAGA
191,GAGA'EMAUGA
191,GAGA'IFOMAUGA
191,PALAULI
191,SATUPA'ITEA
191,TUAMASAGA
191,VA'A-O-FONOTI
191,VAISIGANO
192,ACQUAVIVA
192,BORGO MAGGIORE
192,CHIESANUOVA
192,DOMAGNANO
192,FAETANO
192,FIORENTINO
192,MONTEGIARDINO
192,SAN MARINO
192,SERRAVALLE
193,PRÍNCIPE PROVINCE
193,SÃO TOMÉ PROVINCE
194,'ASIR
194,AL BAHAH
194,AL JAWF
194,AL MADINAH
194,AL-QASSIM
194,EASTERN PROVINCE
194,HA'IL
194,JIZAN
194,MAKKAH
194,NAJRAN
194,NORTHERN BORDERS
194,RIYADH
194,TABUK
195,DAKAR
195,DIOURBEL REGION
195,FATICK
195,KAFFRINE
195,KAOLACK
195,KÉDOUGOU
195,KOLDA
195,LOUGA
195,MATAM
195,SAINT-LOUIS
195,SÉDHIOU
195,TAMBACOUNDA REGION
195,THIÈS REGION
195,ZIGUINCHOR
196,BELGRADE
196,BOR DISTRICT
196,BRANIČEVO DISTRICT
196,CENTRAL BANAT DISTRICT
196,JABLANICA DISTRICT
196,KOLUBARA DISTRICT
196,MAČVA DISTRICT
196,MORAVICA DISTRICT
196,NIŠAVA DISTRICT
196,NORTH BAČKA DISTRICT
196,NORTH BANAT DISTRICT
196,PČINJA DISTRICT
196,PIROT DISTRICT
196,PODUNAVLJE DISTRICT
196,POMORAVLJE DISTRICT
196,RASINA DISTRICT
196,RAŠKA DISTRICT
196,SOUTH BAČKA DISTRICT
196,SOUTH BANAT DISTRICT
196,SREM DISTRICT
196,ŠUMADIJA DISTRICT
196,TOPLICA DISTRICT
196,VOJVODINA
196,WEST BAČKA DISTRICT
196,ZAJEČAR DISTRICT
196,ZLATIBOR DISTRICT
197,ANSE BOILEAU
197,ANSE ROYALE
197,ANSE-AUX-PINS
197,AU CAP
197,BAIE LAZARE
197,BAIE SAINTE ANNE
197,BEAU VALLON
197,BEL AIR
197,BEL OMBRE
197,CASCADE
197,GLACIS
197,GRAND'ANSE MAHÉ
197,GRAND'ANSE PRASLIN
197,LA DIGUE
197,LA RIVIÈRE ANGLAISE
197,LES MAMELLES
197,MONT BUXTON
197,MONT FLEURI
197,PLAISANCE
197,POINTE LA RUE
197,PORT GLAUD
197,ROCHE CAIMAN
197,SAINT LOUIS
197,TAKAMAKA
198,EASTERN PROVINCE
198,NORTHERN PROVINCE
198,SOUTHERN PROVINCE
198,WESTERN AREA
199,CENTRAL SINGAPORE COMMUNITY DEVELOPMENT COUNCIL
199,NORTH EAST COMMUNITY DEVELOPMENT COUNCIL
199,NORTH WEST COMMUNITY DEVELOPMENT COUNCIL
199,SOUTH EAST COMMUNITY DEVELOPMENT COUNCIL
199,SOUTH WEST COMMUNITY DEVELOPMENT COUNCIL
201,BANSKÁ BYSTRICA REGION
201,BRATISLAVA REGION
201,KOŠICE REGION
201,NITRA REGION
201,PREŠOV REGION
201,TRENČÍN REGION
201,TRNAVA REGION
201,ŽILINA REGION
202,AJDOVŠČINA MUNICIPALITY
202,ANKARAN MUNICIPALITY
202,BELTINCI MUNICIPALITY
202,BENEDIKT MUNICIPALITY
202,BISTRICA OB SOTLI MUNICIPALITY
202,BLED MUNICIPALITY
202,BLOKE MUNICIPALITY
202,BOHINJ MUNICIPALITY
202,BOROVNICA MUNICIPALITY
202,BOVEC MUNICIPALITY
202,BRASLOVČE MUNICIPALITY
202,BRDA MUNICIPALITY
202,BREŽICE MUNICIPALITY
202,BREZOVICA MUNICIPALITY
202,CANKOVA MUNICIPALITY
202,CERKLJE NA GORENJSKEM MUNICIPALITY
202,CERKNICA MUNICIPALITY
202,CERKNO MUNICIPALITY
202,CERKVENJAK MUNICIPALITY
202,CITY MUNICIPALITY OF CELJE
202,CITY MUNICIPALITY OF NOVO MESTO
202,ČRENŠOVCI MUNICIPALITY
202,ČRNA NA KOROŠKEM MUNICIPALITY
202,ČRNOMELJ MUNICIPALITY
202,DESTRNIK MUNICIPALITY
202,DIVAČA MUNICIPALITY
202,DOBJE MUNICIPALITY
202,DOBREPOLJE MUNICIPALITY
202,DOBRNA MUNICIPALITY
202,DOBROVA–POLHOV GRADEC MUNICIPALITY
202,DOBROVNIK MUNICIPALITY
202,DOL PRI LJUBLJANI MUNICIPALITY
202,DOLENJSKE TOPLICE MUNICIPALITY
202,DOMŽALE MUNICIPALITY
202,DORNAVA MUNICIPALITY
202,DRAVOGRAD MUNICIPALITY
202,DUPLEK MUNICIPALITY
202,GORENJA VAS–POLJANE MUNICIPALITY
202,GORIŠNICA MUNICIPALITY
202,GORJE MUNICIPALITY
202,GORNJA RADGONA MUNICIPALITY
202,GORNJI GRAD MUNICIPALITY
202,GORNJI PETROVCI MUNICIPALITY
202,GRAD MUNICIPALITY
202,GROSUPLJE MUNICIPALITY
202,HAJDINA MUNICIPALITY
202,HOČE–SLIVNICA MUNICIPALITY
202,HODOŠ MUNICIPALITY
202,HORJUL MUNICIPALITY
202,HRASTNIK MUNICIPALITY
202,HRPELJE–KOZINA MUNICIPALITY
202,IDRIJA MUNICIPALITY
202,IG MUNICIPALITY
202,IVANČNA GORICA MUNICIPALITY
202,IZOLA MUNICIPALITY
202,JESENICE MUNICIPALITY
202,JEZERSKO MUNICIPALITY
202,JURŠINCI MUNICIPALITY
202,KAMNIK MUNICIPALITY
202,KANAL OB SOČI MUNICIPALITY
202,KIDRIČEVO MUNICIPALITY
202,KOBARID MUNICIPALITY
202,KOBILJE MUNICIPALITY
202,KOČEVJE MUNICIPALITY
202,KOMEN MUNICIPALITY
202,KOMENDA MUNICIPALITY
202,KOPER CITY MUNICIPALITY
202,KOSTANJEVICA NA KRKI MUNICIPALITY
202,KOSTEL MUNICIPALITY
202,KOZJE MUNICIPALITY
202,KRANJ CITY MUNICIPALITY
202,KRANJSKA GORA MUNICIPALITY
202,KRIŽEVCI MUNICIPALITY
202,KUNGOTA
202,KUZMA MUNICIPALITY
202,LAŠKO MUNICIPALITY
202,LENART MUNICIPALITY
202,LENDAVA MUNICIPALITY
202,LITIJA MUNICIPALITY
202,LJUBLJANA CITY MUNICIPALITY
202,LJUBNO MUNICIPALITY
202,LJUTOMER MUNICIPALITY
202,LOG–DRAGOMER MUNICIPALITY
202,LOGATEC MUNICIPALITY
202,LOŠKA DOLINA MUNICIPALITY
202,LOŠKI POTOK MUNICIPALITY
202,LOVRENC NA POHORJU MUNICIPALITY
202,LUČE MUNICIPALITY
202,LUKOVICA MUNICIPALITY
202,MAJŠPERK MUNICIPALITY
202,MAKOLE MUNICIPALITY
202,MARIBOR CITY MUNICIPALITY
202,MARKOVCI MUNICIPALITY
202,MEDVODE MUNICIPALITY
202,MENGEŠ MUNICIPALITY
202,METLIKA MUNICIPALITY
202,MEŽICA MUNICIPALITY
202,MIKLAVŽ NA DRAVSKEM POLJU MUNICIPALITY
202,MIREN–KOSTANJEVICA MUNICIPALITY
202,MIRNA MUNICIPALITY
202,MIRNA PEČ MUNICIPALITY
202,MISLINJA MUNICIPALITY
202,MOKRONOG–TREBELNO MUNICIPALITY
202,MORAVČE MUNICIPALITY
202,MORAVSKE TOPLICE MUNICIPALITY
202,MOZIRJE MUNICIPALITY
202,MUNICIPALITY OF APAČE
202,MUNICIPALITY OF CIRKULANE
202,MUNICIPALITY OF ILIRSKA BISTRICA
202,MUNICIPALITY OF KRŠKO
202,MUNICIPALITY OF ŠKOFLJICA
202,MURSKA SOBOTA CITY MUNICIPALITY
202,MUTA MUNICIPALITY
202,NAKLO MUNICIPALITY
202,NAZARJE MUNICIPALITY
202,NOVA GORICA CITY MUNICIPALITY
202,ODRANCI MUNICIPALITY
202,OPLOTNICA
202,ORMOŽ MUNICIPALITY
202,OSILNICA MUNICIPALITY
202,PESNICA MUNICIPALITY
202,PIRAN MUNICIPALITY
202,PIVKA MUNICIPALITY
202,PODČETRTEK MUNICIPALITY
202,PODLEHNIK MUNICIPALITY
202,PODVELKA MUNICIPALITY
202,POLJČANE MUNICIPALITY
202,POLZELA MUNICIPALITY
202,POSTOJNA MUNICIPALITY
202,PREBOLD MUNICIPALITY
202,PREDDVOR MUNICIPALITY
202,PREVALJE MUNICIPALITY
202,PTUJ CITY MUNICIPALITY
202,PUCONCI MUNICIPALITY
202,RAČE–FRAM MUNICIPALITY
202,RADEČE MUNICIPALITY
202,RADENCI MUNICIPALITY
202,RADLJE OB DRAVI MUNICIPALITY
202,RADOVLJICA MUNICIPALITY
202,RAVNE NA KOROŠKEM MUNICIPALITY
202,RAZKRIŽJE MUNICIPALITY
202,REČICA OB SAVINJI MUNICIPALITY
202,RENČE–VOGRSKO MUNICIPALITY
202,RIBNICA MUNICIPALITY
202,RIBNICA NA POHORJU MUNICIPALITY
202,ROGAŠKA SLATINA MUNICIPALITY
202,ROGAŠOVCI MUNICIPALITY
202,ROGATEC MUNICIPALITY
202,RUŠE MUNICIPALITY
202,ŠALOVCI MUNICIPALITY
202,SELNICA OB DRAVI MUNICIPALITY
202,SEMIČ MUNICIPALITY
202,ŠEMPETER–VRTOJBA MUNICIPALITY
202,ŠENČUR MUNICIPALITY
202,ŠENTILJ MUNICIPALITY
202,ŠENTJERNEJ MUNICIPALITY
202,ŠENTJUR MUNICIPALITY
202,ŠENTRUPERT MUNICIPALITY
202,SEVNICA MUNICIPALITY
202,SEŽANA MUNICIPALITY
202,ŠKOCJAN MUNICIPALITY
202,ŠKOFJA LOKA MUNICIPALITY
202,SLOVENJ GRADEC CITY MUNICIPALITY
202,SLOVENSKA BISTRICA MUNICIPALITY
202,SLOVENSKE KONJICE MUNICIPALITY
202,ŠMARJE PRI JELŠAH MUNICIPALITY
202,ŠMARJEŠKE TOPLICE MUNICIPALITY
202,ŠMARTNO OB PAKI MUNICIPALITY
202,ŠMARTNO PRI LITIJI MUNICIPALITY
202,SODRAŽICA MUNICIPALITY
202,SOLČAVA MUNICIPALITY
202,ŠOŠTANJ MUNICIPALITY
202,SREDIŠČE OB DRAVI
202,STARŠE MUNICIPALITY
202,ŠTORE MUNICIPALITY
202,STRAŽA MUNICIPALITY
202,SVETA ANA MUNICIPALITY
202,SVETA TROJICA V SLOVENSKIH GORICAH MUNICIPALITY
202,SVETI ANDRAŽ V SLOVENSKIH GORICAH MUNICIPALITY
202,SVETI JURIJ OB ŠČAVNICI MUNICIPALITY
202,SVETI JURIJ V SLOVENSKIH GORICAH MUNICIPALITY
202,SVETI TOMAŽ MUNICIPALITY
202,TABOR MUNICIPALITY
202,TIŠINA MUNICIPALITY
202,TOLMIN MUNICIPALITY
202,TRBOVLJE MUNICIPALITY
202,TREBNJE MUNICIPALITY
202,TRNOVSKA VAS MUNICIPALITY
202,TRŽIČ MUNICIPALITY
202,TRZIN MUNICIPALITY
202,TURNIŠČE MUNICIPALITY
202,VELIKA POLANA MUNICIPALITY
202,VELIKE LAŠČE MUNICIPALITY
202,VERŽEJ MUNICIPALITY
202,VIDEM MUNICIPALITY
202,VIPAVA MUNICIPALITY
202,VITANJE MUNICIPALITY
202,VODICE MUNICIPALITY
202,VOJNIK MUNICIPALITY
202,VRANSKO MUNICIPALITY
202,VRHNIKA MUNICIPALITY
202,VUZENICA MUNICIPALITY
202,ZAGORJE OB SAVI MUNICIPALITY
202,ŽALEC MUNICIPALITY
202,ZAVRČ MUNICIPALITY
202,ŽELEZNIKI MUNICIPALITY
202,ŽETALE MUNICIPALITY
202,ŽIRI MUNICIPALITY
202,ŽIROVNICA MUNICIPALITY
202,ZREČE MUNICIPALITY
202,ŽUŽEMBERK MUNICIPALITY
203,CENTRAL PROVINCE
203,CHOISEUL PROVINCE
203,GUADALCANAL PROVINCE
203,HONIARA
203,ISABEL PROVINCE
203,MAKIRA-ULAWA PROVINCE
203,MALAITA PROVINCE
203,RENNELL AND BELLONA PROVINCE
203,TEMOTU PROVINCE
203,WESTERN PROVINCE
204,AWDAL REGION
204,BAKOOL
204,BANAADIR
204,BARI
204,BAY
204,GALGUDUUD
204,GEDO
204,HIRAN
204,LOWER JUBA
204,LOWER SHEBELLE
204,MIDDLE JUBA
204,MIDDLE SHEBELLE
204,MUDUG
204,NUGAL
204,SANAAG REGION
204,TOGDHEER REGION
205,EASTERN CAPE
205,FREE STATE
205,GAUTENG
205,KWAZULU-NATAL
205,LIMPOPO
205,MPUMALANGA
205,NORTH WEST
205,NORTHERN CAPE
205,WESTERN CAPE
207,BUSAN
207,DAEGU
207,DAEJEON
207,GANGWON PROVINCE
207,GWANGJU
207,GYEONGGI PROVINCE
207,INCHEON
207,JEJU
207,NORTH CHUNGCHEONG PROVINCE
207,NORTH GYEONGSANG PROVINCE
207,NORTH JEOLLA PROVINCE
207,SEJONG CITY
207,SEOUL
207,SOUTH CHUNGCHEONG PROVINCE
207,SOUTH GYEONGSANG PROVINCE
207,SOUTH JEOLLA PROVINCE
207,ULSAN
208,CENTRAL EQUATORIA
208,EASTERN EQUATORIA
208,JONGLEI STATE
208,LAKES
208,NORTHERN BAHR EL GHAZAL
208,UNITY
208,UPPER NILE
208,WARRAP
208,WESTERN BAHR EL GHAZAL
208,WESTERN EQUATORIA
209,A CORUÑA
209,ALBACETE
209,ALICANTE
209,ALMERIA
209,ARABA
209,ASTURIAS
209,ÁVILA
209,BADAJOZ
209,BARCELONA
209,BIZKAIA
209,BURGOS
209,CACERES
209,CÁDIZ
209,CANTABRIA
209,CASTELLÓN
209,CIUDAD REAL
209,CÓRDOBA
209,CUENCA
209,GIPUZKOA
209,GIRONA
209,GRANADA
209,GUADALAJARA
209,HUELVA
209,HUESCA
209,ISLAS BALEARES
209,JAÉN
209,LA RIOJA
209,LAS PALMAS
209,LÉON
209,LLEIDA
209,LUGO
209,MADRID
209,MÁLAGA
209,MURCIA
209,NAVARRA
209,OURENSE
209,PALENCIA
209,PONTEVEDRA
209,SALAMANCA
209,SANTA CRUZ DE TENERIFE
209,SEGOVIA
209,SEVILLA
209,SORIA
209,TARRAGONA
209,TERUEL
209,TOLEDO
209,VALENCIA
209,VALLADOLID
209,ZAMORA
209,ZARAGOZA
210,AMPARA DISTRICT
210,ANURADHAPURA DISTRICT
210,BADULLA DISTRICT
210,BATTICALOA DISTRICT
210,CENTRAL PROVINCE
210,COLOMBO DISTRICT
210,EASTERN PROVINCE
210,GALLE DISTRICT
210,GAMPAHA DISTRICT
210,HAMBANTOTA DISTRICT
210,JAFFNA DISTRICT
210,KALUTARA DISTRICT
210,KANDY DISTRICT
210,KEGALLE DISTRICT
210,KILINOCHCHI DISTRICT
210,MANNAR DISTRICT
210,MATALE DISTRICT
210,MATARA DISTRICT
210,MONARAGALA DISTRICT
210,MULLAITIVU DISTRICT
210,NORTH CENTRAL PROVINCE
210,NORTH WESTERN PROVINCE
210,NORTHERN PROVINCE
210,NUWARA ELIYA DISTRICT
210,POLONNARUWA DISTRICT
210,PUTTALAM DISTRICT
210,RATNAPURA DISTRICT
210,SABARAGAMUWA PROVINCE
210,SOUTHERN PROVINCE
210,TRINCOMALEE DISTRICT
210,UVA PROVINCE
210,VAVUNIYA DISTRICT
210,WESTERN PROVINCE
211,AL JAZIRAH
211,AL QADARIF
211,BLUE NILE
211,CENTRAL DARFUR
211,EAST DARFUR
211,KASSALA
211,KHARTOUM
211,NORTH DARFUR
211,NORTH KORDOFAN
211,NORTHERN
211,RED SEA
211,RIVER NILE
211,SENNAR
211,SOUTH DARFUR
211,SOUTH KORDOFAN
211,WEST DARFUR
211,WEST KORDOFAN
211,WHITE NILE
212,BROKOPONDO DISTRICT
212,COMMEWIJNE DISTRICT
212,CORONIE DISTRICT
212,MAROWIJNE DISTRICT
212,NICKERIE DISTRICT
212,PARA DISTRICT
212,PARAMARIBO DISTRICT
212,SARAMACCA DISTRICT
212,SIPALIWINI DISTRICT
212,WANICA DISTRICT
214,HHOHHO DISTRICT
214,LUBOMBO DISTRICT
214,MANZINI DISTRICT
214,SHISELWENI DISTRICT
215,BLEKINGE
215,DALARNA COUNTY
215,GÄVLEBORG COUNTY
215,GOTLAND COUNTY
215,HALLAND COUNTY
215,JÖNKÖPING COUNTY
215,KALMAR COUNTY
215,KRONOBERG COUNTY
215,NORRBOTTEN COUNTY
215,ÖREBRO COUNTY
215,ÖSTERGÖTLAND COUNTY
215,SKÅNE COUNTY
215,SÖDERMANLAND COUNTY
215,STOCKHOLM COUNTY
215,UPPSALA COUNTY
215,VÄRMLAND COUNTY
215,VÄSTERBOTTEN COUNTY
215,VÄSTERNORRLAND COUNTY
215,VÄSTMANLAND COUNTY
215,VÄSTRA GÖTALAND COUNTY
216,AARGAU
216,APPENZELL AUSSERRHODEN
216,APPENZELL INNERRHODEN
216,BASEL-LAND
216,BASEL-STADT
216,BERN
216,FRIBOURG
216,GENEVA
216,GLARUS
216,GRAUBÜNDEN
216,JURA
216,LUCERNE
216,NEUCHÂTEL
216,NIDWALDEN
216,OBWALDEN
216,SCHAFFHAUSEN
216,SCHWYZ
216,SOLOTHURN
216,ST. GALLEN
216,THURGAU
216,TICINO
216,URI
216,VALAIS
216,VAUD
216,ZUG
216,ZÜRICH
217,AL-HASAKAH
217,AL-RAQQAH
217,ALEPPO
217,AS-SUWAYDA
217,DAMASCUS
217,DARAA
217,DEIR EZ-ZOR
217,HAMA
217,HOMS
217,IDLIB
217,LATAKIA
217,QUNEITRA
217,RIF DIMASHQ
217,TARTUS
218,CHANGHUA
218,CHIAYI
218,CHIAYI
218,HSINCHU
218,HSINCHU
218,HUALIEN
218,KAOHSIUNG
218,KEELUNG
218,KINMEN
218,LIENCHIANG
218,MIAOLI
218,NANTOU
218,NEW TAIPEI
218,PENGHU
218,PINGTUNG
218,TAICHUNG
218,TAINAN
218,TAIPEI
218,TAITUNG
218,TAOYUAN
218,YILAN
218,YUNLIN
219,DISTRICTS OF REPUBLICAN SUBORDINATION
219,GORNO-BADAKHSHAN AUTONOMOUS PROVINCE
219,KHATLON PROVINCE
219,SUGHD PROVINCE
220,ARUSHA
220,DAR ES SALAAM
220,DODOMA
220,GEITA
220,IRINGA
220,KAGERA
220,KATAVI
220,KIGOMA
220,KILIMANJARO
220,LINDI
220,MANYARA
220,MARA
220,MBEYA
220,MOROGORO
220,MTWARA
220,MWANZA
220,NJOMBE
220,PEMBA NORTH
220,PEMBA SOUTH
220,PWANI
220,RUKWA
220,RUVUMA
220,SHINYANGA
220,SIMIYU
220,SINGIDA
220,SONGWE
220,TABORA
220,TANGA
220,ZANZIBAR NORTH
220,ZANZIBAR SOUTH
220,ZANZIBAR WEST
221,AMNAT CHAROEN
221,ANG THONG
221,BANGKOK
221,BUENG KAN
221,BURI RAM
221,CHACHOENGSAO
221,CHAI NAT
221,CHAIYAPHUM
221,CHANTHABURI
221,CHIANG MAI
221,CHIANG RAI
221,CHON BURI
221,CHUMPHON
221,KALASIN
221,KAMPHAENG PHET
221,KANCHANABURI
221,KHON KAEN
221,KRABI
221,LAMPANG
221,LAMPHUN
221,LOEI
221,LOP BURI
221,MAE HONG SON
221,MAHA SARAKHAM
221,MUKDAHAN
221,NAKHON NAYOK
221,NAKHON PATHOM
221,NAKHON PHANOM
221,NAKHON RATCHASIMA
221,NAKHON SAWAN
221,NAKHON SI THAMMARAT
221,NAN
221,NARATHIWAT
221,NONG BUA LAM PHU
221,NONG KHAI
221,NONTHABURI
221,PATHUM THANI
221,PATTANI
221,PATTAYA
221,PHANGNGA
221,PHATTHALUNG
221,PHAYAO
221,PHETCHABUN
221,PHETCHABURI
221,PHICHIT
221,PHITSANULOK
221,PHRA NAKHON SI AYUTTHAYA
221,PHRAE
221,PHUKET
221,PRACHIN BURI
221,PRACHUAP KHIRI KHAN
221,RANONG
221,RATCHABURI
221,RAYONG
221,ROI ET
221,SA KAEO
221,SAKON NAKHON
221,SAMUT PRAKAN
221,SAMUT SAKHON
221,SAMUT SONGKHRAM
221,SARABURI
221,SATUN
221,SI SA KET
221,SING BURI
221,SONGKHLA
221,SUKHOTHAI
221,SUPHAN BURI
221,SURAT THANI
221,SURIN
221,TAK
221,TRANG
221,TRAT
221,UBON RATCHATHANI
221,UDON THANI
221,UTHAI THANI
221,UTTARADIT
221,YALA
221,YASOTHON
222,ACKLINS
222,ACKLINS AND CROOKED ISLANDS
222,BERRY ISLANDS
222,BIMINI
222,BLACK POINT
222,CAT ISLAND
222,CENTRAL ABACO
222,CENTRAL ANDROS
222,CENTRAL ELEUTHERA
222,CROOKED ISLAND
222,EAST GRAND BAHAMA
222,EXUMA
222,FREEPORT
222,FRESH CREEK
222,GOVERNOR'S HARBOUR
222,GRAND CAY
222,GREEN TURTLE CAY
222,HARBOUR ISLAND
222,HIGH ROCK
222,HOPE TOWN
222,INAGUA
222,KEMPS BAY
222,LONG ISLAND
222,MANGROVE CAY
222,MARSH HARBOUR
222,MAYAGUANA DISTRICT
222,NEW PROVIDENCE
222,NICHOLLSTOWN AND BERRY ISLANDS
222,NORTH ABACO
222,NORTH ANDROS
222,NORTH ELEUTHERA
222,RAGGED ISLAND
222,ROCK SOUND
222,RUM CAY DISTRICT
222,SAN SALVADOR AND RUM CAY
222,SAN SALVADOR ISLAND
222,SANDY POINT
222,SOUTH ABACO
222,SOUTH ANDROS
222,SOUTH ELEUTHERA
222,SPANISH WELLS
222,WEST GRAND BAHAMA
223,CENTRALE REGION
223,KARA REGION
223,MARITIME
223,PLATEAUX REGION
223,SAVANES REGION
225,HAʻAPAI
225,ʻEUA
225,NIUAS
225,TONGATAPU
225,VAVAʻU
226,ARIMA
226,CHAGUANAS
226,COUVA-TABAQUITE-TALPARO REGIONAL CORPORATION
226,DIEGO MARTIN REGIONAL CORPORATION
226,EASTERN TOBAGO
226,PENAL-DEBE REGIONAL CORPORATION
226,POINT FORTIN
226,PORT OF SPAIN
226,PRINCES TOWN REGIONAL CORPORATION
226,RIO CLARO-MAYARO REGIONAL CORPORATION
226,SAN FERNANDO
226,SAN JUAN-LAVENTILLE REGIONAL CORPORATION
226,SANGRE GRANDE REGIONAL CORPORATION
226,SIPARIA REGIONAL CORPORATION
226,TUNAPUNA-PIARCO REGIONAL CORPORATION
226,WESTERN TOBAGO
227,ARIANA
227,BEN AROUS
227,BIZERTE
227,GABÈS
227,GAFSA
227,JENDOUBA
227,KAIROUAN
227,KASSERINE
227,KASSRINE
227,KEBILI
227,KEF
227,MAHDIA
227,MANOUBA
227,MEDENINE
227,MONASTIR
227,NABEUL
227,SFAX
227,SIDI BOUZID
227,SILIANA
227,SOUSSE
227,TATAOUINE
227,TOZEUR
227,TUNIS
227,ZAGHOUAN
228,ADANA
228,ADIYAMAN
228,AFYONKARAHISAR
228,AĞRI
228,AKSARAY
228,AMASYA
228,ANKARA
228,ANTALYA
228,ARDAHAN
228,ARTVIN
228,AYDIN
228,BALIKESIR
228,BARTIN
228,BATMAN
228,BAYBURT
228,BILECIK
228,BINGÖL
228,BITLIS
228,BOLU
228,BURDUR
228,BURSA
228,ÇANAKKALE
228,ÇANKIRI
228,ÇORUM
228,DENIZLI
228,DIYARBAKIR
228,DÜZCE
228,EDIRNE
228,ELAZIĞ
228,ERZINCAN
228,ERZURUM
228,ESKIŞEHIR
228,GAZIANTEP
228,GIRESUN
228,GÜMÜŞHANE
228,HAKKÂRI
228,HATAY
228,IĞDIR
228,ISPARTA
228,İSTANBUL
228,İZMIR
228,KAHRAMANMARAŞ
228,KARABÜK
228,KARAMAN
228,KARS
228,KASTAMONU
228,KAYSERI
228,KILIS
228,KIRIKKALE
228,KIRKLARELI
228,KIRŞEHIR
228,KOCAELI
228,KONYA
228,KÜTAHYA
228,MALATYA
228,MANISA
228,MARDIN
228,MERSIN
228,MUĞLA
228,MUŞ
228,NEVŞEHIR
228,NIĞDE
228,ORDU
228,OSMANIYE
228,RIZE
228,SAKARYA
228,SAMSUN
228,ŞANLIURFA
228,SIIRT
228,SINOP
228,SIVAS
228,ŞIRNAK
228,TEKIRDAĞ
228,TOKAT
228,TRABZON
228,TUNCELI
228,UŞAK
228,VAN
228,YALOVA
228,YOZGAT
228,ZONGULDAK
229,AHAL REGION
229,ASHGABAT
229,BALKAN REGION
229,DAŞOGUZ REGION
229,LEBAP REGION
229,MARY REGION
231,FUNAFUTI
231,NANUMANGA
231,NANUMEA
231,NIUTAO ISLAND COUNCIL
231,NUI
231,NUKUFETAU
231,NUKULAELAE
231,VAITUPU
232,ABIM DISTRICT
232,ADJUMANI DISTRICT
232,AGAGO DISTRICT
232,ALEBTONG DISTRICT
232,AMOLATAR DISTRICT
232,AMUDAT DISTRICT
232,AMURIA DISTRICT
232,AMURU DISTRICT
232,APAC DISTRICT
232,ARUA DISTRICT
232,BUDAKA DISTRICT
232,BUDUDA DISTRICT
232,BUGIRI DISTRICT
232,BUHWEJU DISTRICT
232,BUIKWE DISTRICT
232,BUKEDEA DISTRICT
232,BUKOMANSIMBI DISTRICT
232,BUKWO DISTRICT
232,BULAMBULI DISTRICT
232,BULIISA DISTRICT
232,BUNDIBUGYO DISTRICT
232,BUNYANGABU DISTRICT
232,BUSHENYI DISTRICT
232,BUSIA DISTRICT
232,BUTALEJA DISTRICT
232,BUTAMBALA DISTRICT
232,BUTEBO DISTRICT
232,BUVUMA DISTRICT
232,BUYENDE DISTRICT
232,CENTRAL REGION
232,DOKOLO DISTRICT
232,EASTERN REGION
232,GOMBA DISTRICT
232,GULU DISTRICT
232,IBANDA DISTRICT
232,IGANGA DISTRICT
232,ISINGIRO DISTRICT
232,JINJA DISTRICT
232,KAABONG DISTRICT
232,KABALE DISTRICT
232,KABAROLE DISTRICT
232,KABERAMAIDO DISTRICT
232,KAGADI DISTRICT
232,KAKUMIRO DISTRICT
232,KALANGALA DISTRICT
232,KALIRO DISTRICT
232,KALUNGU DISTRICT
232,KAMPALA DISTRICT
232,KAMULI DISTRICT
232,KAMWENGE DISTRICT
232,KANUNGU DISTRICT
232,KAPCHORWA DISTRICT
232,KASESE DISTRICT
232,KATAKWI DISTRICT
232,KAYUNGA DISTRICT
232,KIBAALE DISTRICT
232,KIBOGA DISTRICT
232,KIBUKU DISTRICT
232,KIRUHURA DISTRICT
232,KIRYANDONGO DISTRICT
232,KISORO DISTRICT
232,KITGUM DISTRICT
232,KOBOKO DISTRICT
232,KOLE DISTRICT
232,KOTIDO DISTRICT
232,KUMI DISTRICT
232,KWEEN DISTRICT
232,KYANKWANZI DISTRICT
232,KYEGEGWA DISTRICT
232,KYENJOJO DISTRICT
232,KYOTERA DISTRICT
232,LAMWO DISTRICT
232,LIRA DISTRICT
232,LUUKA DISTRICT
232,LUWERO DISTRICT
232,LWENGO DISTRICT
232,LYANTONDE DISTRICT
232,MANAFWA DISTRICT
232,MARACHA DISTRICT
232,MASAKA DISTRICT
232,MASINDI DISTRICT
232,MAYUGE DISTRICT
232,MBALE DISTRICT
232,MBARARA DISTRICT
232,MITOOMA DISTRICT
232,MITYANA DISTRICT
232,MOROTO DISTRICT
232,MOYO DISTRICT
232,MPIGI DISTRICT
232,MUBENDE DISTRICT
232,MUKONO DISTRICT
232,NAKAPIRIPIRIT DISTRICT
232,NAKASEKE DISTRICT
232,NAKASONGOLA DISTRICT
232,NAMAYINGO DISTRICT
232,NAMISINDWA DISTRICT
232,NAMUTUMBA DISTRICT
232,NAPAK DISTRICT
232,NEBBI DISTRICT
232,NGORA DISTRICT
232,NORTHERN REGION
232,NTOROKO DISTRICT
232,NTUNGAMO DISTRICT
232,NWOYA DISTRICT
232,OMORO DISTRICT
232,OTUKE DISTRICT
232,OYAM DISTRICT
232,PADER DISTRICT
232,PAKWACH DISTRICT
232,PALLISA DISTRICT
232,RAKAI DISTRICT
232,RUBANDA DISTRICT
232,RUBIRIZI DISTRICT
232,RUKIGA DISTRICT
232,RUKUNGIRI DISTRICT
232,SEMBABULE DISTRICT
232,SERERE DISTRICT
232,SHEEMA DISTRICT
232,SIRONKO DISTRICT
232,SOROTI DISTRICT
232,TORORO DISTRICT
232,WAKISO DISTRICT
232,WESTERN REGION
232,YUMBE DISTRICT
232,ZOMBO DISTRICT
233,AUTONOMOUS REPUBLIC OF CRIMEA
233,CHERKASKA OBLAST
233,CHERNIHIVSKA OBLAST
233,CHERNIVETSKA OBLAST
233,DNIPROPETROVSKA OBLAST
233,DONETSKA OBLAST
233,IVANO-FRANKIVSKA OBLAST
233,KHARKIVSKA OBLAST
233,KHERSONSKA OBLAST
233,KHMELNYTSKA OBLAST
233,KIROVOHRADSKA OBLAST
233,KYIV
233,KYIVSKA OBLAST
233,LUHANSKA OBLAST
233,LVIVSKA OBLAST
233,MYKOLAIVSKA OBLAST
233,ODESKA OBLAST
233,POLTAVSKA OBLAST
233,RIVNENSKA OBLAST
233,SUMSKA OBLAST
233,TERNOPILSKA OBLAST
233,VINNYTSKA OBLAST
233,VOLYNSKA OBLAST
233,ZAKARPATSKA OBLAST
233,ZAPORIZKA OBLAST
233,ZHYTOMYRSKA OBLAST
234,ABU DHABI EMIRATE
234,AJMAN EMIRATE
234,DUBAI
234,FUJAIRAH
234,RAS AL-KHAIMAH
234,SHARJAH EMIRATE
234,UMM AL-QUWAIN
235,ABERDEEN
235,ABERDEENSHIRE
235,ANGUS
235,ANTRIM
235,ANTRIM AND NEWTOWNABBEY
235,ARDS
235,ARDS AND NORTH DOWN
235,ARGYLL AND BUTE
235,ARMAGH CITY AND DISTRICT COUNCIL
235,"ARMAGH, BANBRIDGE AND CRAIGAVON"
235,ASCENSION ISLAND
235,BALLYMENA BOROUGH
235,BALLYMONEY
235,BANBRIDGE
235,BARNSLEY
235,BATH AND NORTH EAST SOMERSET
235,BEDFORD
235,BELFAST DISTRICT
235,BIRMINGHAM
235,BLACKBURN WITH DARWEN
235,BLACKPOOL
235,BLAENAU GWENT COUNTY BOROUGH
235,BOLTON
235,BOURNEMOUTH
235,BRACKNELL FOREST
235,BRADFORD
235,BRIDGEND COUNTY BOROUGH
235,BRIGHTON AND HOVE
235,BUCKINGHAMSHIRE
235,BURY
235,CAERPHILLY COUNTY BOROUGH
235,CALDERDALE
235,CAMBRIDGESHIRE
235,CARMARTHENSHIRE
235,CARRICKFERGUS BOROUGH COUNCIL
235,CASTLEREAGH
235,CAUSEWAY COAST AND GLENS
235,CENTRAL BEDFORDSHIRE
235,CEREDIGION
235,CHESHIRE EAST
235,CHESHIRE WEST AND CHESTER
235,CITY AND COUNTY OF CARDIFF
235,CITY AND COUNTY OF SWANSEA
235,CITY OF BRISTOL
235,CITY OF DERBY
235,CITY OF KINGSTON UPON HULL
235,CITY OF LEICESTER
235,CITY OF LONDON
235,CITY OF NOTTINGHAM
235,CITY OF PETERBOROUGH
235,CITY OF PLYMOUTH
235,CITY OF PORTSMOUTH
235,CITY OF SOUTHAMPTON
235,CITY OF STOKE-ON-TRENT
235,CITY OF SUNDERLAND
235,CITY OF WESTMINSTER
235,CITY OF WOLVERHAMPTON
235,CITY OF YORK
235,CLACKMANNANSHIRE
235,COLERAINE BOROUGH COUNCIL
235,CONWY COUNTY BOROUGH
235,COOKSTOWN DISTRICT COUNCIL
235,CORNWALL
235,COUNTY DURHAM
235,COVENTRY
235,CRAIGAVON BOROUGH COUNCIL
235,CUMBRIA
235,DARLINGTON
235,DENBIGHSHIRE
235,DERBYSHIRE
235,DERRY CITY AND STRABANE
235,DERRY CITY COUNCIL
235,DEVON
235,DONCASTER
235,DORSET
235,DOWN DISTRICT COUNCIL
235,DUDLEY
235,DUMFRIES AND GALLOWAY
235,DUNDEE
235,DUNGANNON AND SOUTH TYRONE BOROUGH COUNCIL
235,EAST AYRSHIRE
235,EAST DUNBARTONSHIRE
235,EAST LOTHIAN
235,EAST RENFREWSHIRE
235,EAST RIDING OF YORKSHIRE
235,EAST SUSSEX
235,EDINBURGH
235,ENGLAND
235,ESSEX
235,FALKIRK
235,FERMANAGH AND OMAGH
235,FERMANAGH DISTRICT COUNCIL
235,FIFE
235,FLINTSHIRE
235,GATESHEAD
235,GLASGOW
235,GLOUCESTERSHIRE
235,GWYNEDD
235,HALTON
235,HAMPSHIRE
235,HARTLEPOOL
235,HEREFORDSHIRE
235,HERTFORDSHIRE
235,HIGHLAND
235,INVERCLYDE
235,ISLE OF WIGHT
235,ISLES OF SCILLY
235,KENT
235,KIRKLEES
235,KNOWSLEY
235,LANCASHIRE
235,LARNE BOROUGH COUNCIL
235,LEEDS
235,LEICESTERSHIRE
235,LIMAVADY BOROUGH COUNCIL
235,LINCOLNSHIRE
235,LISBURN AND CASTLEREAGH
235,LISBURN CITY COUNCIL
235,LIVERPOOL
235,LONDON BOROUGH OF BARKING AND DAGENHAM
235,LONDON BOROUGH OF BARNET
235,LONDON BOROUGH OF BEXLEY
235,LONDON BOROUGH OF BRENT
235,LONDON BOROUGH OF BROMLEY
235,LONDON BOROUGH OF CAMDEN
235,LONDON BOROUGH OF CROYDON
235,LONDON BOROUGH OF EALING
235,LONDON BOROUGH OF ENFIELD
235,LONDON BOROUGH OF HACKNEY
235,LONDON BOROUGH OF HAMMERSMITH AND FULHAM
235,LONDON BOROUGH OF HARINGEY
235,LONDON BOROUGH OF HARROW
235,LONDON BOROUGH OF HAVERING
235,LONDON BOROUGH OF HILLINGDON
235,LONDON BOROUGH OF HOUNSLOW
235,LONDON BOROUGH OF ISLINGTON
235,LONDON BOROUGH OF LAMBETH
235,LONDON BOROUGH OF LEWISHAM
235,LONDON BOROUGH OF MERTON
235,LONDON BOROUGH OF NEWHAM
235,LONDON BOROUGH OF REDBRIDGE
235,LONDON BOROUGH OF RICHMOND UPON THAMES
235,LONDON BOROUGH OF SOUTHWARK
235,LONDON BOROUGH OF SUTTON
235,LONDON BOROUGH OF TOWER HAMLETS
235,LONDON BOROUGH OF WALTHAM FOREST
235,LONDON BOROUGH OF WANDSWORTH
235,MAGHERAFELT DISTRICT COUNCIL
235,MANCHESTER
235,MEDWAY
235,MERTHYR TYDFIL COUNTY BOROUGH
235,METROPOLITAN BOROUGH OF WIGAN
235,MID AND EAST ANTRIM
235,MID ULSTER
235,MIDDLESBROUGH
235,MIDLOTHIAN
235,MILTON KEYNES
235,MONMOUTHSHIRE
235,MORAY
235,MOYLE DISTRICT COUNCIL
235,NEATH PORT TALBOT COUNTY BOROUGH
235,NEWCASTLE UPON TYNE
235,NEWPORT
235,NEWRY AND MOURNE DISTRICT COUNCIL
235,"NEWRY, MOURNE AND DOWN"
235,NEWTOWNABBEY BOROUGH COUNCIL
235,NORFOLK
235,NORTH AYRSHIRE
235,NORTH DOWN BOROUGH COUNCIL
235,NORTH EAST LINCOLNSHIRE
235,NORTH LANARKSHIRE
235,NORTH LINCOLNSHIRE
235,NORTH SOMERSET
235,NORTH TYNESIDE
235,NORTH YORKSHIRE
235,NORTHAMPTONSHIRE
235,NORTHERN IRELAND
235,NORTHUMBERLAND
235,NOTTINGHAMSHIRE
235,OLDHAM
235,OMAGH DISTRICT COUNCIL
235,ORKNEY ISLANDS
235,OUTER HEBRIDES
235,OXFORDSHIRE
235,PEMBROKESHIRE
235,PERTH AND KINROSS
235,POOLE
235,POWYS
235,READING
235,REDCAR AND CLEVELAND
235,RENFREWSHIRE
235,RHONDDA CYNON TAF
235,ROCHDALE
235,ROTHERHAM
235,ROYAL BOROUGH OF GREENWICH
235,ROYAL BOROUGH OF KENSINGTON AND CHELSEA
235,ROYAL BOROUGH OF KINGSTON UPON THAMES
235,RUTLAND
235,SAINT HELENA
235,SALFORD
235,SANDWELL
235,SCOTLAND
235,SCOTTISH BORDERS
235,SEFTON
235,SHEFFIELD
235,SHETLAND ISLANDS
235,SHROPSHIRE
235,SLOUGH
235,SOLIHULL
235,SOMERSET
235,SOUTH AYRSHIRE
235,SOUTH GLOUCESTERSHIRE
235,SOUTH LANARKSHIRE
235,SOUTH TYNESIDE
235,SOUTHEND-ON-SEA
235,ST HELENS
235,STAFFORDSHIRE
235,STIRLING
235,STOCKPORT
235,STOCKTON-ON-TEES
235,STRABANE DISTRICT COUNCIL
235,SUFFOLK
235,SURREY
235,SWINDON
235,TAMESIDE
235,TELFORD AND WREKIN
235,THURROCK
235,TORBAY
235,TORFAEN
235,TRAFFORD
235,UNITED KINGDOM
235,VALE OF GLAMORGAN
235,WAKEFIELD
235,WALES
235,WALSALL
235,WARRINGTON
235,WARWICKSHIRE
235,WEST BERKSHIRE
235,WEST DUNBARTONSHIRE
235,WEST LOTHIAN
235,WEST SUSSEX
235,WILTSHIRE
235,WINDSOR AND MAIDENHEAD
235,WIRRAL
235,WOKINGHAM
235,WORCESTERSHIRE
235,WREXHAM COUNTY BOROUGH
236,ALABAMA
236,ALASKA
236,AMERICAN SAMOA
236,ARIZONA
236,ARKANSAS
236,BAKER ISLAND
236,CALIFORNIA
236,COLORADO
236,CONNECTICUT
236,DELAWARE
236,DISTRICT OF COLUMBIA
236,FLORIDA
236,GEORGIA
236,GUAM
236,HAWAII
236,HOWLAND ISLAND
236,IDAHO
236,ILLINOIS
236,INDIANA
236,IOWA
236,JARVIS ISLAND
236,JOHNSTON ATOLL
236,KANSAS
236,KENTUCKY
236,KINGMAN REEF
236,LOUISIANA
236,MAINE
236,MARYLAND
236,MASSACHUSETTS
236,MICHIGAN
236,MIDWAY ATOLL
236,MINNESOTA
236,MISSISSIPPI
236,MISSOURI
236,MONTANA
236,NAVASSA ISLAND
236,NEBRASKA
236,NEVADA
236,NEW HAMPSHIRE
236,NEW JERSEY
236,NEW MEXICO
236,NEW YORK
236,NORTH CAROLINA
236,NORTH DAKOTA
236,NORTHERN MARIANA ISLANDS
236,OHIO
236,OKLAHOMA
236,OREGON
236,PALMYRA ATOLL
236,PENNSYLVANIA
236,PUERTO RICO
236,RHODE ISLAND
236,SOUTH CAROLINA
236,SOUTH DAKOTA
236,TENNESSEE
236,TEXAS
236,UNITED STATES MINOR OUTLYING ISLANDS
236,UNITED STATES VIRGIN ISLANDS
236,UTAH
236,VERMONT
236,VIRGINIA
236,WAKE ISLAND
236,WASHINGTON
236,WEST VIRGINIA
236,WISCONSIN
236,WYOMING
238,ARTIGAS DEPARTMENT
238,CANELONES DEPARTMENT
238,CERRO LARGO DEPARTMENT
238,COLONIA DEPARTMENT
238,DURAZNO DEPARTMENT
238,FLORES DEPARTMENT
238,FLORIDA DEPARTMENT
238,LAVALLEJA DEPARTMENT
238,MALDONADO DEPARTMENT
238,MONTEVIDEO DEPARTMENT
238,PAYSANDÚ DEPARTMENT
238,RÍO NEGRO DEPARTMENT
238,RIVERA DEPARTMENT
238,ROCHA DEPARTMENT
238,SALTO DEPARTMENT
238,SAN JOSÉ DEPARTMENT
238,SORIANO DEPARTMENT
238,TACUAREMBÓ DEPARTMENT
238,TREINTA Y TRES DEPARTMENT
239,ANDIJAN REGION
239,BUKHARA REGION
239,FERGANA REGION
239,JIZZAKH REGION
239,KARAKALPAKSTAN
239,NAMANGAN REGION
239,NAVOIY REGION
239,QASHQADARYO REGION
239,SAMARQAND REGION
239,SIRDARYO REGION
239,SURXONDARYO REGION
239,TASHKENT
239,TASHKENT REGION
239,XORAZM REGION
240,MALAMPA
240,PENAMA
240,SANMA
240,SHEFA
240,TAFEA
240,TORBA
242,AMAZONAS
242,ANZOÁTEGUI
242,APURE
242,ARAGUA
242,BARINAS
242,BOLÍVAR
242,CARABOBO
242,COJEDES
242,DELTA AMACURO
242,DISTRITO CAPITAL
242,FALCÓN
242,FEDERAL DEPENDENCIES OF VENEZUELA
242,GUÁRICO
242,LA GUAIRA
242,LARA
242,MÉRIDA
242,MIRANDA
242,MONAGAS
242,NUEVA ESPARTA
242,PORTUGUESA
242,SUCRE
242,TÁCHIRA
242,TRUJILLO
242,YARACUY
242,ZULIA
243,AN GIANG
243,BÀ RỊA-VŨNG TÀU
243,BẮC GIANG
243,BẮC KẠN
243,BẠC LIÊU
243,BẮC NINH
243,BẾN TRE
243,BÌNH DƯƠNG
243,BÌNH ĐỊNH
243,BÌNH PHƯỚC
243,BÌNH THUẬN
243,CÀ MAU
243,CẦN THƠ
243,CAO BẰNG
243,ĐÀ NẴNG
243,ĐẮK LẮK
243,ĐẮK NÔNG
243,ĐIỆN BIÊN
243,ĐỒNG NAI
243,ĐỒNG THÁP
243,GIA LAI
243,HÀ GIANG
243,HÀ NAM
243,HÀ NỘI
243,HÀ TĨNH
243,HẢI DƯƠNG
243,HẢI PHÒNG
243,HẬU GIANG
243,HỒ CHÍ MINH
243,HÒA BÌNH
243,HƯNG YÊN
243,KHÁNH HÒA
243,KIÊN GIANG
243,KON TUM
243,LAI CHÂU
243,LÂM ĐỒNG
243,LẠNG SƠN
243,LÀO CAI
243,LONG AN
243,NAM ĐỊNH
243,NGHỆ AN
243,NINH BÌNH
243,NINH THUẬN
243,PHÚ THỌ
243,PHÚ YÊN
243,QUẢNG BÌNH
243,QUẢNG NAM
243,QUẢNG NGÃI
243,QUẢNG NINH
243,QUẢNG TRỊ
243,SÓC TRĂNG
243,SƠN LA
243,TÂY NINH
243,THÁI BÌNH
243,THÁI NGUYÊN
243,THANH HÓA
243,THỪA THIÊN-HUẾ
243,TIỀN GIANG
243,TRÀ VINH
243,TUYÊN QUANG
243,VĨNH LONG
243,VĨNH PHÚC
243,YÊN BÁI
245,SAINT CROIX
245,SAINT JOHN
245,SAINT THOMAS
248,'ADAN
248,'AMRAN
248,ABYAN
248,AL BAYDA'
248,AL HUDAYDAH
248,AL JAWF
248,AL MAHRAH
248,AL MAHWIT
248,DHAMAR
248,HADHRAMAUT
248,HAJJAH
248,IBB
248,LAHIJ
248,MA'RIB
248,RAYMAH
248,SAADA
248,SANA'A
248,SANA'A
248,SHABWAH
248,SOCOTRA
248,TA'IZZ
249,CENTRAL PROVINCE
249,COPPERBELT PROVINCE
249,EASTERN PROVINCE
249,LUAPULA PROVINCE
249,LUSAKA PROVINCE
249,MUCHINGA PROVINCE
249,NORTHERN PROVINCE
249,NORTHWESTERN PROVINCE
249,SOUTHERN PROVINCE
249,WESTERN PROVINCE
250,BULAWAYO PROVINCE
250,HARARE PROVINCE
250,MANICALAND
250,MASHONALAND CENTRAL PROVINCE
250,MASHONALAND EAST PROVINCE
250,MASHONALAND WEST PROVINCE
250,MASVINGO PROVINCE
250,MATABELELAND NORTH PROVINCE
250,MATABELELAND SOUTH PROVINCE
250,MIDLANDS PROVINCE
