id_city,village_name
19943,ACHIRAL
19943,ALTILLO
19943,ARRAYANES
19943,BALCON CRUZ
19943,BELLAVISTA
19943,BUENAVISTA
19943,CAQUIONA CENTRO
19943,CASA BLANCA
19943,CERRO ALTO
19943,CHILCO
19943,CHORRILLOS
19943,CORTADERAS
19943,DERRO LARGO
19943,DOMINGUILLO
19943,EL CUCHO
19943,ELVECIA
19943,ESTORAQUE
19943,ESTRELLAS
19943,GABRIELAS
19943,GARBANZAL
19943,GAVILANES
19943,GUAMBIAL
19943,GUAYACANES
19943,GUAYACUNDO
19943,HATO HUMUS
19943,HATO VIEJO
19943,HIGUERILLOS
19943,JORDÁN
19943,JUÁN RUIZ
19943,LA MANGA
19943,LA MESA
19943,LA PILA
19943,LAGUNA
19943,LLACUANAS
19943,LLACUANAS BAJO
19943,LOMALARGA
19943,MERMEJAL
19943,MOLINO
19943,MORAS
19943,MOTILONES
19943,NACEDEROS
19943,ORDÓÑEZ
19943,PALIZADA
19943,PALO GRANDE
19943,PEÑOL
19943,PITAYAS
19943,PLANADAS
19943,POTRERO
19943,POTRERO GRANDE
19943,PRIMAVERA
19943,PUENTE
19943,QUEBRADILLAS
19943,RESGUARDO
19943,RESINA
19943,RIÑONADA
19943,RODEO
19943,ROSA PAMBA
19943,RUIZ
19943,SAN MIGUEL
19943,SAUCE
19943,SAUGI
19943,SILENCIO
19943,TABLON
19943,TAMBO
19943,TARABITA
19943,YUNGA
19944,AGUA CLARA
19944,ALPES
19944,ALTAMIRA
19944,ANGOSTURAS
19944,ARBOLEDA
19944,BELLO HORIZONTE
19944,BOMBILLAL
19944,BOTAFOGO
19944,BUENAVISTA
19944,BUENOS AIRES
19944,C BETANIA
19944,C BOLIVIA
19944,C DEL SINAI
19944,C EL DIVISO
19944,C EL PLATEADO
19944,C MANGO
19944,C PUERTO RICO
19944,CAMPO ALEGRE
19944,CAMPOBELLO
19944,CAÑAVERAL
19944,CORAZÓN
19944,COREEGIMIENTO LA BELLEZA
19944,CRISTALES ALTO
19944,CRISTALES BAJO
19944,EL CEDRO
19944,EL CRUCERO
19944,EL DIAMANTE
19944,EL EDEN
19944,EL ENCANTO
19944,EL MIRADOR
19944,EL PALMAR
19944,EL PEPINAL
19944,EL PINCHE
19944,EL PLACER
19944,EL PLAN
19944,EL PORVENIR
19944,EL RETIRO
19944,FLORIDA
19944,GUAYABAL
19944,GUINEA
19944,LA BELLEZA
19944,LA CABAÑA
19944,LA CEIBA
19944,LA CUMBRE
19944,LA DELGADITA
19944,LA EMBOSCADA
19944,LA ESPERANZA
19944,LA GRECIA
19944,LA LAGUNA
19944,LA LEONA
19944,LA LIBERTAD
19944,LA MINA
19944,LA PLAYA
19944,LAS PERLAS
19944,LAS PILAS
19944,LAS VEGAS
19944,LOS PICOS
19944,LOS PINOS
19944,LOS ÁNGELES
19944,LUCITANIA
19944,MARQUEZA
19944,MESON ALTO
19944,MESON BAJO
19944,MIROLINDO
19944,MUNDO NUEVO
19944,NARANJAL
19944,NUEVO HORIZONTE
19944,PALMAS
19944,PAMBILLAL
19944,PARAMILLO
19944,PRIMAVERA
19944,PUENTETIERRA
19944,SAN ANTONIO ALTO
19944,SAN ANTONIO BAJO
19944,SAN JUAN DE CUCHO
19944,SAN JUAN DE LA FLORIDA
19944,SAN JUAN DE LA GUADUA
19944,SANTA CLARA
19944,TAMBO LARGO
19944,VILLA NUEVA
19944,ZARZAL
19945,ALTAMIRA
19945,ANDES ALTOS
19945,BERMEJA ALTA
19945,BRISAS DEL RÍO
19945,BUENA VISTA
19945,BUENAVISTA
19945,BUENOS AIRES
19945,CABUYO ALTO
19945,CABUYO BAJO
19945,CACHIMBO
19945,CAMPO ALEGRE
19945,CAMPO BELLO
19945,CAMPO BELLO BAJO
19945,CAPITANES
19945,CASPICARACHO
19945,CAÑAVERAL
19945,CERRO BLANDITO
19945,CERRO BOYACÁ
19945,CRESTA DE GALLO
19945,EL CAIRO
19945,EL CEDRO
19945,EL CREDO
19945,EL DIVISO
19945,EL JARDÍN
19945,EL LIMONAR
19945,EL MIRADOR
19945,EL NARANJAL
19945,EL OCHENTA Y UNO
19945,EL PARNASO
19945,EL PEPAL
19945,EL PLAN
19945,EL PORVENIR
19945,EL VIJAL
19945,EL ZULIA
19945,FLORIDA GRANDE
19945,GALANIA
19945,GUADULITO
19945,LA BERMEJA
19945,LA CABAÑA
19945,LA COCHA
19945,LA CUMBRE
19945,LA ESPERANZA
19945,LA FLORESTA
19945,LA FLORIDA
19945,LA JOAQUINA
19945,LA MARQUESA
19945,LA PALMA
19945,LA PLANADA
19945,LA PRADERA
19945,LA PRIMAVERA
19945,LA RINCONADA
19945,LA SABOYA
19945,LA VILLA
19945,LOMITAS
19945,LOS ANDES
19945,LOS GUADUALES
19945,MAMACONDE
19945,MONARES
19945,MONTAÑA NEGRA
19945,OLAYA
19945,PAPAYAL
19945,PLAN GRANDE
19945,POTRERO LARGO
19945,PUEBLO NUEVO
19945,PURETO
19945,RÍO TURBIO
19945,SAN ALFONSO
19945,SAN ANTONIO
19945,SAN FERNANDO
19945,SAN FRANCISCO
19945,SANABRIA
19945,TACHUELO
19945,VILLA NUEVA
19946,C CAPELLANIAS
19946,C EL CARMEN
19946,C EL MORRO
19946,C EL RODEO
19946,C GUACHINOCO
19946,C LA CARBONERA
19946,C LERMA
19946,C LOS MILAGROS
19946,C LOS RASTROJOS
19946,C MELCHOR
19946,C SAN JUAN
19946,C SAN LORENZO
19946,C SAN MIGUEL
19947,AURES
19947,BALSA BRIGIDA
19947,BUENOS AIRES
19947,CASCAJERO
19947,CAUQUITA
19947,CAYADITO
19947,CENTRO
19947,CHAMBIMBE
19947,CORCOBAO
19947,DOS RIOS
19947,EL BARBUDO
19947,EL CAUCE
19947,EL CERAL
19947,EL GUAYABAL
19947,EL LLANITO
19947,EL NAYA
19947,EL PORVENIR
19947,EL SILENCIO
19947,HATO FRIO
19947,JAMAICA
19947,LA BALSA
19947,LA ESPERANZA
19947,LA OCULTA
19947,LA VENTURA
19947,LAS DELICIAS
19947,LOMA RUCIA
19947,MANDULES
19947,MARY LOPEZ
19947,MASAMORRERO
19947,MIRASOL
19947,MUNCHIQUE
19947,MUNCHIQUE ALTO
19947,PALO BLANCO
19947,PRIMAVERA
19947,SAN FRANCISCO
19947,SAN GREGORIO
19947,SAN IGNACIO
19947,SAN JERONIMO
19947,SAN JOAQUIN
19947,SAN MARCOS
19947,SAN MIGUEL
19947,SAN VICTORINO
19947,SANTA ANA
19947,SANTA BARBARA
19947,SANTA CATALINA
19947,SANTA ROSA
19948,ALTAMIRA
19948,BETANIA
19948,CACAGUAL
19948,CAJIBIO
19948,CAMPOALEGRE
19948,CARRIZALITO
19948,CASAS BAJAS
19948,CENEGUETA
19948,CENTRO
19948,CHAUX
19948,COETERA
19948,DINDE
19948,EL CAIRO
19948,EL CARMELO
19948,EL CARRIZAL
19948,EL CEDRAL
19948,EL RECUERDO
19948,EL ROSARIO
19948,EL TIGRE
19948,EL TUNEL
19948,LA ARROYUELA
19948,LA AURELIA
19948,LA CAPILLA
19948,LA GRANJA
19948,LA ISLA
19948,LA MASETA
19948,LA PEDREGOSA
19948,LA VENTA
19948,LAGUNA DINDE
19948,LIMONES
19948,LOMA LARGA
19948,MARCONGO
19948,MICHINCAL
19948,MONTERREDONDO
19948,ORTEGA
19948,PALACE
19948,PAUMA
19948,PUERTA CHIQUITA
19948,QUEBRADA OSCURA
19948,SAN ANTONIO
19948,SAN FRANCISCO
19948,SAN GABRIEL
19948,SAN JOSÉ
19948,SAN JOSÉ
19948,SAN LORENZO
19949,ALTAMIRA
19949,ANDALUCIA
19949,BATEAS
19949,BETANIA
19949,BUENA VISTA
19949,CABECERA
19949,CABUYAL
19949,CAIMITO
19949,CAMPIÑA
19949,CAMPO ALEGRE
19949,CARRIZAL
19949,CERRO ALTO
19949,CHINDACO
19949,CIDRAL
19949,CORTIJO
19949,CRUCERO DE PESCADOR
19949,DARIEN
19949,DELICIAS
19949,EL AZUL
19949,EL CARMEN
19949,EL CENTRO
19949,EL JARDIN
19949,EL ORIENTE
19949,EL PITAL
19949,EL RINCÓN
19949,EL ROSAL
19949,EL TABLON
19949,EL TARZO
19949,FILIPINAS
19949,GRANADILLA
19949,GUAICO
19949,GUAICO ARENAL
19949,GUALO
19949,HONDA ESTRELLA
19949,LA AGUADA
19949,LA BUITRERA
19949,LA ESMERALDA
19949,LA ESPERANZA
19949,LA ESTRELLA
19949,LA ISLA
19949,LA LAGUNA
19949,LA LAGUNA II
19949,LA LLANADA
19949,LA PALMA
19949,LA VENTA
19949,LAS MERCEDES
19949,LOMA LARGA
19949,LOS MONOS
19949,LOS QUINGOS
19949,MANUELICO
19949,MIRADOR
19949,MIRAVALLE
19949,MONTERILLA
19949,MORAS
19949,NARCIZO
19949,PALERMO
19949,PALESTINA
19949,PANAMERICANA
19949,PESCADOR
19949,PICACHO
19949,PIOYA
19949,PORVENIR
19949,POTRERILLO
19949,PRIMAVERA
19949,PUENTE REAL
19949,PULIBIO
19949,ROBLES
19949,ROSARIO
19949,SAN ANTONIO LA
19949,SAN ANTONIO PN
19949,SAN JUANITO
19949,SAN PEDRO
19949,SANTA BARBARA
19949,SANTA HELENA
19949,SANTA ROSA
19949,SIBERIA
19949,SOCORRO
19949,VEINTE DE JULIO
19949,VENTANAS
19949,VENTEADERO
19949,VILACHI
19949,VILLA HERMOSA
19949,VILLA RICA
19949,YARUMAL
19949,ZUÑIGA
19950,ALTAMIRA
19950,ALTO EL PALO
19950,BODEGA
19950,BODEGA ALTA
19950,CALOTO
19950,CAMPO ALEGRE
19950,CARPINTERO
19950,CRUCERO DE GUALI
19950,DOMINGA ALTA
19950,EL ARRAYAN
19950,EL CHOCHO
19950,EL CREDO
19950,EL NILO
19950,EL PALO
19950,EL PEDREGAL
19950,EL PLACER
19950,EL POBLADO
19950,EL PORVENIR
19950,EL SOCORRO
19950,EL VERGEL
19950,GUABITO
19950,GUADUALITO
19950,GUASIMO
19950,GUATABA
19950,HUASANO
19950,HUELLAS
19950,LA ARBOLEDA
19950,LA BUITRERA
19950,LA CUCHILLA
19950,LA ESTRELLA
19950,LA GUINEA
19950,LA PALOMERA
19950,LA PLACA
19950,LA QUEBRADA
19950,LA SELVA
19950,LA TRAMPA
19950,LAS AGUAS
19950,LOMA PELADA
19950,LOPEZ ADENTRO
19950,LOS CHORROS
19950,MARAÑON
19950,MORALES
19950,NAPOLES
19950,PAJARITO
19950,PARAISO
19950,PILAMO ALTO
19950,QUINTERO
19950,SAN NICOLAS CAICEDO
19950,SANTA RITA
19950,SANTA ROSA
19950,TIERRERO
19950,TOEZ
19950,TOEZ (LA SELVITA)
19950,VENADILLO
19950,VISTA HERMOSA
19951,BUENAVISTA
19951,CARRIZALES
19951,CHICARRONAL
19951,EL BARRANCO
19951,EL BOQUERON
19951,EL CRUCERO
19951,EL DANUBIO
19951,EL DESCANSO
19951,EL JAGUAL
19951,EL PALMAR
19951,EL PEDREGAL
19951,EL PLAYON
19951,EL SILENCIO
19951,LA CAPILLA
19951,LA CIMA
19951,LA COMINERA
19951,LA CRISTALINA
19951,LA ESMERALDA
19951,LA ESTHER
19951,LA HEROICA
19951,LA LAGUNA
19951,LA MARIA
19951,LA PAILA
19951,LAS CRUCES
19951,LAS GUACAS
19951,LAS VIOLETAS
19951,LOS ALPES
19951,LOS ANDES
19951,MEDIA NARANJA
19951,MIRAVALLE
19951,PALONEGRO
19951,PAN DE AZUCAR
19951,PUEBLO NUEVO
19951,QUEBRADITAS
19951,RIONEGRO
19951,SAN LUIS ABAJO
19951,SAN LUIS ARRIBA
19951,SAN PABLO
19951,SAN PEDRO
19951,SAN RAFAEL
19951,SANTA ELENA
19951,SIBERIA
19951,YARUMALES
19952,ALTO DEL REY
19952,CABUYAL
19952,CUATRO ESQUINAS
19952,EL CRUCERO
19952,FONDAS
19952,HUISITO
19952,LA GALLERA
19952,LA PALOMA
19952,LOS ANAYES
19952,OJO DE AGUA MONTERREDONDO
19952,PIAGUA
19952,PLAYA RICA
19952,QUILCACE
19952,SAN JOAQUIN
19952,SAN JUAN
19952,URIBE
19952,ZARZAL
19953,ANGOSTURAS
19953,BELLAVISTA
19953,CAMPAMENTO
19953,CUCHILLA DEL HATO
19953,EL AVIÓN
19953,EL CAMPO
19953,EL DIVISO
19953,EL HATO
19953,EL MIRADOR
19953,EL PLACER
19953,EL ROSARIO
19953,HIGUERONES
19953,LA BETANIA
19953,LA ESPERANZA
19953,LAS CUCHILLAS
19953,LAS PALMAS
19953,LOS ARBOLES
19953,MARSELLA
19953,SAN FRANCISCO
19953,YUNGUILLA
19954,BARRAGAN
19954,CABAÑA
19954,CABAÑITA
19954,CABITO
19954,CAMPO ALEGRE
19954,CAMPO LLANITO
19954,CAPONERA
19954,CIENAGA HONDA
19954,EL GUAYABAL
19954,EL SILENCIO
19954,JUAN PERDIDO
19954,LA DOMINGA
19954,LA SOFIA
19954,LLANO DE TAULA
19954,LLANO DE TAULA ALTO
19954,MINGO
19954,OBANDO
19954,PÍLAMO
19954,SABANETAS
19954,SAN ANTONIO
19954,SAN JACINTO
19954,SAN JOSÉ
19955,ALTO GUAPI
19955,ALTO GUAPI PP
19955,CONCEJO MENOR BOCAS DE NAPI
19955,CONCEJO MENOR BUENAVISTA
19955,CONCEJO MENOR CALLE HONDA
19955,CONCEJO MENOR CHAMON
19955,CONCEJO MENOR CHAMONCITO
19955,CONCEJO MENOR CODICIA
19955,CONCEJO MENOR EL CARMEN
19955,CONCEJO MENOR JUANICO
19955,CONCEJO MENOR LAS PAMPAS
19955,CONCEJO MENOR LIMONES
19955,CONCEJO MENOR PARCELAS
19955,CONCEJO MENOR PARTIDERO
19955,CONCEJO MENOR PENITENTE
19955,CONCEJO MENOR QUIROGA
19955,CONCEJO MENOR SABANA
19955,CONCEJO MENOR SAN ANTONIO
19955,CONCEJO MENOR SANTA ROSA
19955,NAPI
19956,AGUA BLANCA
19956,ALTO DE LA CRUZ
19956,ALTO DE TOPA
19956,BELEN
19956,BELENCITO
19956,CALDERAS
19956,CAPISISGO
19956,CARMEN DE VIBORA
19956,CAUCHITO
19956,CEDRALIA
19956,CHICHUCUE
19956,CORDOBA
19956,COSCURO
19956,DOS QUEBRADAS
19956,EL CABUYO
19956,EL CARMEN
19956,EL CAUCHO
19956,EL ESCOBAL
19956,EL HATO
19956,EL LAGO
19956,EL LLANO
19956,EL MESÓN
19956,EL PICACHO
19956,EL RINCÓN
19956,EL SOCORRO
19956,ESCAÑO ALTO
19956,ESCAÑO BAJO
19956,FATIMA
19956,GUANACAS
19956,GUETACO
19956,JUNTAS BIRMANIA
19956,LA CABAÑA
19956,LA CANDELARIA
19956,LA FLORESTA
19956,LA FLORIDA
19956,LA GITANA
19956,LA LAGUNITA
19956,LA MANGA
19956,LA MESETA
19956,LA MILAGROSA
19956,LA PALMA
19956,LA PALMERA
19956,LA VEGA
19956,LA VENTA
19956,LAS LAJAS
19956,LOMA ALTA
19956,LOMITAS
19956,LOS ALPES - RIO SUCIO
19956,MESOPOTAMIA
19956,PALMICHAL
19956,PIRAMIDE
19956,PISIMBALÁ
19956,POTRERITO
19956,PUERTO VALENCIA
19956,QUIGUANAS
19956,RESGUARDO LA GITANA
19956,RIO NEGRO
19956,SAN ANDRES CENTRO
19956,SAN ANTONIO
19956,SAN FRANCISCO
19956,SAN ISIDRO
19956,SAN JOSÉ
19956,SAN MARTIN
19956,SAN MIGUEL
19956,SAN PEDRO
19956,SAN RAFAEL
19956,SAN VICENTE
19956,SANTA LUCIA
19956,SANTA TERESA
19956,SEGOVIA
19956,SINAI
19956,TIERRAS BLANCAS
19956,TOPA
19956,TUMBICHUCUE
19956,YAQUIVÁ
19956,YARUMAL
19957,BATEAS
19957,BORONDILLO
19957,CAMPO ALEGRE
19957,EL CARRIZAL
19957,EL CHIMICUETO
19957,EL EPIRO
19957,EL MACO
19957,EL PICACHO
19957,EL TABLÓN
19957,EL TRAPICHE
19957,EL VOLADERO
19957,GUAYOPE
19957,IPICUETO
19957,LA ESPERANZA
19957,LA LAGUNA
19957,LA MARQUESA - BUENAVISTA
19957,LA MINA
19957,LA ODISEA
19957,LA PALMA
19957,LOMA GORDA
19957,LOMA GRUESA
19957,LOMA LARGA
19957,LOMA PUEBLITO
19957,LOMA REDONDA
19957,MONTEREDONDO
19957,NUEVA COLONIA
19957,NUEVA JERUSALEN
19957,PALETON
19957,PITALITO
19957,PORVENIR
19957,SAN ANTONIO
19957,SOLAPA
19957,VALLES HONDOS
19957,VITOELLO
19957,ZUMBICO
19958,ALTO DE LA JAGUA
19958,APARTADEROS
19958,BUENOS AIRES
19958,CAMPO BELLO
19958,CHORRITOS
19958,CHORRITOS
19958,EL ESTORAQUE
19958,EL GINDAL
19958,EL GUAMBITO
19958,EL JIGUAL
19958,EL JIGUAL
19958,EL LLANO
19958,EL MORAL
19958,EL NARANJAL
19958,EL OSO
19958,EL PARAISO
19958,EL PEÑON
19958,EL RETIRO
19958,EL RINCONSITO
19958,EL SALERO
19958,EL TUNEL
19958,FRONTINO ALTO
19958,FRONTINO BAJO
19958,GUACHICONO
19958,JUANA CASTAÑA
19958,LA CUCHILLA
19958,LA DEPRESION
19958,LA PALMA
19958,LAMEDERO
19958,LAS DELICIAS
19958,LOMA GRANDE
19958,LOS ARBOLES
19958,LOS ROBLES
19958,NUEVA ESPERANZA
19958,PALO GRANDE
19958,PALO SEMBRADO
19958,PRIMAVERA
19958,PROVIDENCIA
19958,PUERTA GRANDE
19958,QUEBRADA  AZUL
19958,SABALETAS
19958,SAN ANDRES
19958,SAN LORENZO
19958,SAN PEDRO BAJO
19958,SAN PEFRO ALTO
19958,SANTA LUCIA
19958,SANTA MARTA
19958,SAPONGO
19958,TARUCA
19958,TORRES
19958,VILLEGAS
19959,AGUAS MUERTAS
19959,ALBANIA
19959,ALTAMIRA
19959,ALTO DE LA PLAYA
19959,ALTO DE LAS PALMAS
19959,ARBELA
19959,BAMBOLEO
19959,BARBILLAS
19959,BELLONES
19959,BETANIA
19959,BUENA VISTA
19959,CAJIBIO
19959,CALIXTA
19959,CAMPO ALEGRE
19959,CHOPILOMA
19959,COSTA RICA
19959,DOMINICAL
19959,EL ARADO
19959,EL CAIRO
19959,EL CIRUELAR
19959,EL CRUCERO
19959,EL CUCHARRO
19959,EL DIVISO
19959,EL HIGUERON
19959,EL MANDUR
19959,EL MIRADOR
19959,EL NARANJAL
19959,EL NEGRO
19959,EL OSO
19959,EL PALMAR
19959,EL PARAISO
19959,EL PLACER - DERRUMBE
19959,EL PORVENIR
19959,EL POTRERO
19959,EL PRADO
19959,EL RECREO
19959,EL ROBLE
19959,EL TABLON
19959,EL VENTIADERO
19959,ESTORAQUE
19959,GARAY
19959,GUACHICONO CENTRO
19959,GUALLABILLAS
19959,GUAMAL
19959,GUASIMO
19959,GUAYABAL
19959,GUAYABO NEGRO
19959,HUECO HONDO
19959,JUANCHITO
19959,JULIAN
19959,LA BAJADA
19959,LA BETULIA
19959,LA CANDELARIA
19959,LA CARRERA
19959,LA CRISTALINA
19959,LA EMPINADA
19959,LA ESPERANZA
19959,LA FLORIDA
19959,LA GUAYANA
19959,LA LAJA
19959,LA MARQUESA
19959,LA PALMA O MIRADOR
19959,LA PINTADA
19959,LA PLAYA
19959,LA RIVERA
19959,LA TROCHA
19959,LA VENTICA
19959,LA ZANJA
19959,LAS JUNTAS
19959,LAS MERCEDES
19959,LAS PILAS
19959,LEDEZMA
19959,LLANADA
19959,LLANO VERDE
19959,LOMA BAJA
19959,LOMA GRANDE
19959,LOS AMARILLOS
19959,LOS CIRUELOS
19959,LOS PLANES
19959,LOS REMEDIOS
19959,LOS UVOS
19959,MIRAFLORES
19959,MONTAÑUELA
19959,MONTERREDONDO
19959,NUEVA ARGELIA
19959,NUEVA PROVINCIA
19959,PALO VERDE
19959,PANCITARA CENTRO
19959,POTRERILLO
19959,PRADERA
19959,PUENTE REAL
19959,PUENTECILLAS
19959,RECUERDO
19959,RIONEGRO
19959,RODRIGOS
19959,SAN MIGUEL
19959,SAN VICENTE
19959,SANTA BÁRBARA
19959,SANTA JUANA
19959,SANTA RITA
19959,VILLA MARIA
19960,AGUA FRIA
19960,ANGOSTURA
19960,BONDA
19960,CABAÑAS DE BURITACA
19960,CAÑAVERAL (AGUA FRIA)
19960,COLINAS DE CALABAZO
19960,CURVALITO
19960,EL CRUCERO
19960,EL SALADO
19960,GUASABRA
19960,ISCUANDE
19960,JUANCHILLO
19960,LA ESTRELLA
19960,LA REVUELTA
19960,LANAS
19960,LAS MARIAS
19960,LOMITAS ABAJO
19960,SAN FERNANDO
19960,SAN RAFAEL
19960,SANTA BARBARA
19960,SANTA LUCIA
19960,SATIVASUR
19960,SIBATE
19960,SIGUI
19960,TRES QUEBRADAS
19960,VALENTIN
19961,AGUAS CLARAS
19961,ALTAMIRA
19961,ALTO DE LAS CAÑAS
19961,ALTO DE MAYO
19961,ARBOLEDA
19961,BUENAVISTA
19961,BUENOS AIRES
19961,CAJAMARCA
19961,CAMINO REAL
19961,CANGREJOS
19961,CANTOLLANO
19961,CARBONERA
19961,CARBONERO
19961,CASAS FRIA
19961,CATALLANO
19961,CAÑAVERAL
19961,CONTADOR
19961,CURACAS
19961,EL ALGODONAL
19961,EL BASAL
19961,EL CABUYO
19961,EL COCAL
19961,EL HORNO
19961,EL PEINADO
19961,EL PILON
19961,EL ROBLE
19961,EL SILENCIO
19961,ESMERALDAS
19961,FARALLONES
19961,GANAPLATA
19961,GUASIMOS
19961,GUATACAMA
19961,HATO VIEJO
19961,HORNILLOS
19961,HUECO LINDO
19961,JUNCAL
19961,LA BALSA
19961,LA CANOA
19961,LA COCHA
19961,LA DESPENSA
19961,LA MEZA
19961,LA MONJA
19961,LA MONJITA
19961,LA PEDREFOSA
19961,LA PLAYA
19961,LA REJOYA
19961,LAS CRUCES
19961,LAS PALMAS
19961,LOS CAPACHOS
19961,LOS LLANOS
19961,LOS MEDIOS
19961,LOS PLANES
19961,LOS TABLONES
19961,LOS TABLONES ALTOS
19961,MARAÑON
19961,MERCADERES (AGUADA)
19961,MOJARRAS
19961,MOSQUILLOS
19961,PEDREGAL
19961,PIENDAMO
19961,PLAN GRANDE
19961,ROMERILLOS
19961,SACHAMATES
19961,SAN JUANITO
19961,SANGANDINGA
19961,SANTA MARTA
19961,SOCABON
19961,SOMBRERILLOS
19961,TABLOMES BAJOS
19961,TABLON DEL ARADO
19961,TABLONCITO
19961,TABLONCITO CAÑAVERAL
19961,TINTALITO
19961,TURQUIA
19961,VILLA MARIA
19961,ZARZAL
19962,CAJONES
19962,CALANDAIMA
19962,CAMPO ALEGRE
19962,CAPARROZAL
19962,CARAQUEÑO
19962,DESBARATADO
19962,EL CABILDO
19962,EL CAÑON
19962,EL HORNO
19962,GUATEMALA
19962,LA CALERA
19962,LA CILIA
19962,LA ESMERALDA
19962,LA LINDOSA
19962,LA MINA
19962,LA MUNDA
19962,LAS CAÑAS
19962,LAS DANTAS
19962,MONTERREDONDO
19962,ORTIGAL
19962,OTOVAL
19962,POTRERITO
19962,SAN ANDRES
19962,SANTA ANA
19962,TIERRADURA
19962,TULIPAN
19963,AGUA NEGRA
19963,AGUA SUCIA
19963,ALTAMIRA
19963,ANDES
19963,BELEN
19963,BODEGA
19963,BRISAS
19963,CARPINTERIA
19963,CAÑAVERAL
19963,CHIMBORAZO
19963,CHIRRIADERO
19963,CHORRERA BLANCA
19963,CONCORDIA
19963,DANUBIO
19963,DIVISO
19963,EL ARENAL
19963,EL CERRO
19963,EL GUABAL
19963,EL MESÓN
19963,EL OSO
19963,EL PLAYON
19963,EL ROSAL
19963,EL SOCORRO
19963,FLORESTA
19963,FLORIDA
19963,GALILEA
19963,HONDURAS
19963,JORDAN
19963,LA CUCHILLA
19963,LA ESTACION
19963,LA ESTRELLA
19963,LA VEGA
19963,LIBERIA
19963,LOMA DE OSO
19963,LOMITAS
19963,LOS CAFES
19963,LOS QUINGOS
19963,MACO
19963,MATA RREDONDA
19963,MEDELLIN
19963,PAN DE AZÚCAR
19963,PAN DE AÚUCAR
19963,PIEDRA
19963,PLACER
19963,PORVENOR
19963,PUEBLILLO
19963,ROSARIO
19963,SAMARIA
19963,SAN ANTONIO
19963,SAN CRISTOBAL
19963,SAN ISIDRO
19963,SAN JOSÉ
19963,SAN MARTIN
19963,SAN RAFAEL
19963,SAN ROQUE
19963,SANTA BARBARA
19963,SANTA ROSA
19963,SOBRERILLO
19963,TIERRA DENTRO
19963,UNION RISARALDA
19963,VALLENUIEVO
19964,CUERNAVA
19964,EL CHAMIZO
19964,EL TETILLO
19964,LA PAILA
19964,LAS COSECHAS
19964,YARUMALES
19966,AGUAS FRIAS
19966,ALTAMIRA
19966,ALTO BONITO
19966,ALTO BONITO
19966,ALTO RIO SAJANDI
19966,ANGULO
19966,BELEN
19966,BELLO HORIZONTE
19966,BETANIA
19966,BRISAS
19966,BUENA VISTA
19966,CACHAZA
19966,CAJONES
19966,CHONDURAL
19966,CHUPADERO
19966,COLORADA
19966,CORRALES
19966,CRISTALINA
19966,DON ALONSO
19966,EL ARBOLITO
19966,EL BORDO
19966,EL CARMELITO
19966,EL CILINDRO
19966,EL CONVENIO
19966,EL CRUCERO
19966,EL CUCHO
19966,EL ESTRECHO
19966,EL HATICO
19966,EL HOYO
19966,EL JARDIN
19966,EL JUNCAL
19966,EL MESTIZO
19966,EL PEDREGAL
19966,EL PENDAL
19966,EL PLACER
19966,EL PORVENIR
19966,EL PURO
19966,EL RINCÓN
19966,EL TUNO
19966,EL YARUMAL
19966,FLORALIA
19966,GALÍNDEZ
19966,GUADALITO
19966,GUAICO
19966,GUANABANO
19966,GUASIMAL
19966,GUASIMO
19966,GUAYABAL
19966,HUECO LINDO
19966,LA AGUADA
19966,LA BARCA
19966,LA DESPENSA
19966,LA ESPERANZA
19966,LA FLORESTA
19966,LA FLORIDA
19966,LA MANGUITA
19966,LA MARCELA
19966,LA MESA
19966,LA PARAMILLA
19966,LA PAULINA
19966,LA PLANADA
19966,LA TEJA
19966,LA VENTICA
19966,LAS CHULAS
19966,LAS PALMAS
19966,LAS PERLAS
19966,LIMONAR
19966,LUNA
19966,MANGA FALSA
19966,MENDEZ
19966,MIRADOR
19966,MIRAFLORES
19966,PALO VERDE
19966,PAN DE AZÚCAR
19966,PATÍA ANGULO
19966,PEÑA ROJA
19966,PIEDRA DE MOLER
19966,PIEDRA RICA
19966,PIEDRASENTADA
19966,PITALITO
19966,PLAN BONITO
19966,POTRERILLO
19966,PUEBLO NUEVO
19966,PURTO RICO
19966,QUEBRADA OSCURA
19966,QUINTERO
19966,REMOLINO
19966,REYES
19966,SACHAMATES
19966,SAJANDI
19966,SALADITO
19966,SAN PEDRO
19966,SAN VICENTE
19966,SANTA CRUZ
19966,SANTA ROSA ALTA
19966,SANTA ROSA BAJA
19966,TABLONCITO
19966,TALLAS
19966,TAMBORAL
19966,TREBOL
19966,TUYA ES COLOMBIA
19966,VERSALLES
19966,VILLA NUEVA
19966,ZARZAL
19967,ANGOSTURAS
19967,BAJA PRIMAVERA
19967,BAJO CONGOR
19967,BITUTO
19967,BOMBONAL
19967,BRASILIA
19967,CAMPO ALEGRE
19967,CONVENIO
19967,DELICIAS
19967,EL CARAÑO
19967,EL CEDRO
19967,EL CERRITO
19967,EL DIAMANTE
19967,EL EDEN
19967,EL JARDIN
19967,EL JORDAN
19967,EL MORRO
19967,EL REMANSO
19967,EL RESGUARDO DE GUAYUYACO
19967,EL ROSAL
19967,FRAGUA VIEJO
19967,LA CABAÑA
19967,LA CONSOLATA
19967,LA ESMERALDA
19967,LA ESPAÑOLA
19967,LA FLORESTA
19967,LA FLORIDA
19967,LA GAVIOTA - EL VERGEL
19967,LA GUAJIRA
19967,LA LEONA
19967,LA PALMERA
19967,LA SONORA
19967,LA TIGRA
19967,LA VEGA
19967,LOS ALMEDROS
19967,MIRAFLOR
19967,NUEVA ESPERANZA
19967,NÁPOLES
19967,PALMITO
19967,PERLAS
19967,PIAMONTE
19967,PLAYA RICA
19967,PORVENIR
19967,PUERTO BELLO
19967,PUERTO MIRANDA
19967,SAMARITANA
19967,SAN ISIDRO
19967,SAN JORGE
19967,SAN PABLO
19967,SANTA RITA
19967,SD
19967,SD
19967,SD
19967,SEGOVIA
19967,SEVILLA
19967,SINAI
19967,TRIUNFO CONGOR
19967,TROJAYACO
19967,VILLA DEL PRADO
19967,VILLA LOZADA
19967,VILLA NUEVA
19967,YAPURÁ
19968,ALTAMIRA
19968,ALTO PIENDAMO
19968,BELLAVISTA
19968,BETANIA
19968,CALIFORNIA
19968,CAMILO TORRES
19968,CAÑA DULCE
19968,CORRALES
19968,EL AGRADO
19968,EL ARRAYAN
19968,EL CARMEN
19968,EL DIVISO
19968,EL HOGAR
19968,EL MANGO
19968,EL MELCHO
19968,EL NUEVO PORVENIR
19968,EL PINAR
19968,FARALLONES
19968,LA ESMERALDA
19968,LA ESPERANZA
19968,LA FLORIDA
19968,LA INDEPENDENCIA
19968,LA LORENA
19968,LA MARIA
19968,LA UNION
19968,LA VEGA NUÑEZ
19968,LOMA CORTA - SAN BERNARDO
19968,LOS ALPES
19968,LOS ALPES
19968,LOS ARADOS
19968,LOS NARANJOS
19968,LOS PINOS
19968,MATECAÑA
19968,MEDIA LOMA
19968,NUEVA PRIMAVERA
19968,OCTAVIO
19968,ONCE DE NOVIEMBRE
19968,PRIMAVERA
19968,PUENTECITA
19968,QUEBRADA GRANDE
19968,RESGUARDO INDÍGENA LA MARIA
19968,SALINAS
19968,SAN ISIDRO
19968,SAN JOSÉ
19968,SAN PEDRO
19968,SANTA HELENA
19968,TUNIA
19968,UVALES
19968,VALPARAISO
19968,VILLA MERCEDES
19968,VILLA NUEVA
19968,VIVAS BALCAZAR
19969,CAJETE
19969,CALIBIO
19969,EL CANELO
19969,EL CHARCO
19969,EL SENDERO
19969,EL TABLÓN
19969,FIGUEROA
19969,JULIMITO
19969,LA MESETA
19969,LA REJOYA
19969,LA YUNGA
19969,LAS MERCEDES
19969,LAS PIEDRAS
19969,LOS CERRILLOS
19969,POBLAZÓN
19969,PUELENJE
19969,QUINTANA
19969,SAMANGA
19969,SAN BERNARDINO
19969,SAN RAFAEL
19969,SANTA BARBARA
19969,SANTA ROSA
19969,TORRES
19970,BOCAS DEL PALO
19970,BRISAS
19970,EL HORMIGUERO
19970,GUENGUE
19970,LA PAILITA
19970,LOS BANCOS
19970,MEXICO
19970,SAN CARLOS
19970,SERAFINA
19970,VUELTA LARGA
19970,ZANJON RICO
19971,ALTO ANAMBIO
19971,ALTO DE LA LAGUNA
19971,AMBIRO
19971,BELEN
19971,CAMPAMENTO
19971,CHAPIO
19971,CHILIGLO
19971,COBALO
19971,CRISTAL
19971,CUARE
19971,DOS QUEBRADAS
19971,EL DEPOSITO
19971,EL JIGUAL
19971,EL LAGO
19971,EL MIRADOR
19971,EL TREBOL
19971,HISPALA
19971,PALETARA
19971,PATUGO
19971,PENISIGO
19971,PULULO
19971,RIO CLARO
19971,RIO NEGRO
19971,SAN ANTONIO
19971,SAN BARTOLO
19971,SAN JOSÉ PISANRABO
19971,SAN PEDRILLO
19971,TABIO
19965,AGUA BENDITA
19965,ALTO DEL CARMEN
19965,ARANZAZÚ
19965,ARAÚJO
19965,ASCENCIO
19965,BELALCAZAR
19965,BELLO HORIZONTE
19965,BOTATIERRA
19965,CALDERAS
19965,CALOTO
19965,CALOTO HUILA
19965,CEJA
19965,CHACHÚCUE
19965,CHICACUIÚ
19965,CHINAS
19965,CHUPADERO
19965,CIPRES
19965,COHETANDO
19965,COLORADO
19965,COQUILLO
19965,CUARTEL
19965,CUETANDIYO
19965,DELICIAS
19965,EL AGUILA
19965,EL CANELO
19965,EL COQUIYÓ
19965,EL CRUCERO
19965,EL HATO
19965,EL JARDIN
19965,EL PALMAR
19965,EL RECUERDO
19965,EL SALADO
19965,ENCANTO
19965,ESCALERETA
19965,FLORIDA
19965,GARANTILLA
19965,GUAPIO
19965,IRLANDA
19965,ITAIBE
19965,LA CRUZ
19965,LA CRUZ DE TOGOIMA
19965,LA ESMERALDA
19965,LA HONDA
19965,LA HONDURA
19965,LA MARIA
19965,LA MESA
19965,LA MURALLA
19965,LA TROJA
19965,LA UNIÓN
19965,LADERAS
19965,LAME
19965,LAS DALIAS
19965,LAS DELICIAS
19965,LLANO BUCO
19965,MAZAMORRAS
19965,MESA DE TALAGA
19965,MESA DE TOGOIMA
19965,MI COHETANDO
19965,MIRADOR
19965,MORAS
19965,MOSOCO
19965,PALMA
19965,PALMA GUALCARA
19965,PALMIRA
19965,PALOMAS
19965,PARAMO DE MORAS
19965,PASTALES
19965,PATALO
19965,PEÑA EL Á_x0081_GUILA
19965,PLANADA DE AVIRAMA
19965,POTRERITO
19965,POTRERO DEL BARRO
19965,PUEBLO NUEVO
19965,QUEBRADA  ARRIBA
19965,RAMO
19965,RICAURTE
19965,RIO CHIQUITO
19965,RÍ_x008d_O ARRIBA
19965,SAN  ANTONIO
19965,SAN ANTONIO
19965,SAN FELIX
19965,SAN JOSÉ
19965,SAN LUIS
19965,SAN MIGUEL
19965,SAN VICENTE
19965,SAN VICENTE
19965,SANTA MARTHA
19965,SUIN
19965,TALAGA
19965,TARVIRA
19965,TOEZ
19965,TOGOIMA CENTRO
19965,VICANEGRA
19965,VILLA ITAIBE
19965,VILLA RODRIGUEZ
19965,VILLANUEVA
19965,WILLA
19965,YUSAYU
19972,ALTILLO
19972,BELLA VISTA
19972,BERLIN
19972,CEFIRO
19972,CHONTADURO
19972,CHURO TABLON
19972,EL CUCHO
19972,EL DIVISO
19972,EL RAMAL
19972,EL RETIRO
19972,GOLONDRINAS
19972,GUALOTO
19972,GUAYACANAL
19972,GUIZABALO
19972,JIGUAL
19972,LA DESPENSA
19972,LA FLORIDA
19972,LA LAJA
19972,LA SOLEDAD
19972,LA VIOLETA
19972,LAS HIERBAS
19972,LIBANO
19972,LOMA BAJA
19972,LOMA GRANDE
19972,MARQUEZ
19972,PALO BLANCO
19972,PAN DE AZUCAR
19972,PARRAGA
19972,PARRAGA VIEJO
19972,PEÑAS BLANCAS
19972,PINZON
19972,PORTACHUELO
19972,PORVENIR
19972,PRIMAVERA
19972,PUERTO LLAVE
19972,SANTA CLARA
19972,SAUCE
19972,UFUGU
19973,ALTO POTRERILLO
19973,ALTOMU
19973,CAMPO ALEGRE
19973,CERRILLOS
19973,CHILCO
19973,CIGARRAS
19973,CONSTANCILLAS
19973,CRUZ CHIQUITA
19973,DOMINGOTE
19973,EL ALTILLO
19973,EL ENCINO
19973,EL HATO
19973,EL NARIGÓN
19973,EL PARAISO
19973,EL RODEO
19973,EL ROSAL
19973,EL TAMBO
19973,EL TRILLADERO
19973,EL TUNO
19973,FLORIDA
19973,FLORIDA
19973,GARRIZAL
19973,GUACAS
19973,GUAPANGO
19973,HIGUERONES
19973,INGENIO SAMANGO
19973,LA AGUADA
19973,LA CUMBRE
19973,LA ENTRADA
19973,LA ESPERANZA
19973,LA GRANJA
19973,LA LAGUNA
19973,LA MARQUESA
19973,LA PRADERA
19973,LAGUNA NEGRA
19973,LAS DELICIAS
19973,LAS GUACAS
19973,LOMA GRANDE
19973,MARMATO
19973,MINAS
19973,NARANJOS
19973,NUEVO HORIZONTE
19973,PANTANO
19973,PARAMILLO
19973,PIEFRA BLANCA
19973,POPAYAN CHIQUITO
19973,POTRERILLO BAJO
19973,PUEBLO NUEVO
19973,RIO NEGRO
19973,SAN SEBASTIAN
19973,SANTA OTILIA
19973,SANTANDER
19973,SANTIAGO
19973,TAPIAS
19973,VALENCIA
19973,VALLE DE JAMBIMBAL
19973,VENECIA
19974,BETANIA
19974,BOMBONAL
19974,BUENOS AIRES
19974,CABILDO CASCAJO
19974,CASCAJO
19974,CHONTILLAL
19974,CONCEPCIÓN
19974,DESCANSE
19974,DIAMANTE ALTO
19974,EL DORADO
19974,EL PLACER
19974,LA AGENCIA
19974,LA CRISTALINA
19974,LA ESMERALDA
19974,LA ESPERANZA
19974,LA ESPERANZA PARTE BAJA
19974,LA ISLA
19974,LA MARQUESA
19974,LA PRIMAVERA
19974,LA QUEBRADONA
19974,LA SOLEDAD
19974,LOS ANDES
19974,MANDIYACO
19974,PALMERAS
19974,SAN ANDRES
19974,SAN CARLOS
19974,SAN EDUARDO
19974,SAN GABRIEL
19974,SAN JOSÉ
19974,SAN JOSÉ DE LOS AZULES
19974,SAN JUAN DE VILLALOBOS
19974,SANTA CLARA
19974,SANTA MARTA
19974,SANTA MARÍA
19974,SANTA RITA
19974,SANTA ROSA
19974,SANTO DOMINGO
19974,SIGNO CARMELO
19974,TANDARIDO
19974,TARABITA
19974,VEINTE DE JULIO
19974,VERDEYACO
19974,VILLA MOSQUERA
19975,AGUA BLANCA
19975,CALOTEÑO
19975,CASCABEL
19975,CENTRO
19975,CHIVIRICO
19975,DOMINGUILLO
19975,EL AGUILA
19975,EL ARADO
19975,EL ARBOLITO
19975,EL BROCHE
19975,EL PALMAR
19975,EL TAJO
19975,EL TORO
19975,EL TURCO
19975,GUAILTALA
19975,JAPIO
19975,LA  AGUSTINA
19975,LA ARBOLEDA
19975,LA CHAPA
19975,LA PALOMERA
19975,LA QUEBRADA
19975,LA VETICA
19975,LAS VUELTAS
19975,LOMA ALTA
19975,LOMITA ABAJO
19975,LOMITA ARRIBA
19975,MANDIVA
19975,MAZAMORRERO
19975,MONDOMO
19975,MUNCHIQUE
19975,PAEZ
19975,PARAMILLO I
19975,PARAMILLO II
19975,PLATANILLO
19975,QUINAMAYO
19975,SAN ANTONIO
19975,SAN FRANCISCO
19975,SAN ISIDRO
19975,SAN JOSÉ
19975,SAN PEDRO
19975,SAN RAFAEL
19975,SANTA ANA
19975,SANTA LUCIA
19975,SANTA RITA
19975,TRES QUEBRADAS
19975,VILACHI
19976,ALPES
19976,ALTAMIRA
19976,ALTO CALVARIO
19976,ALTO DE LA PALMA
19976,ALTO DE LOS TROCHES
19976,ALTO GRANDE
19976,AMBALO
19976,AMOLADERO
19976,ASNENGA
19976,BUENVISTA
19976,BUJIOS
19976,CACIQUE
19976,CALMBAS
19976,CAPAROSA
19976,CHERO
19976,CHULUAMBO
19976,COLONOS DE CHIMAN
19976,CONOJO
19976,CUMBRE H
19976,CUMBRE NUEVA
19976,DELICIAS
19976,EL CABUYAL
19976,EL PALMAR
19976,EL ROBLAR
19976,EL TENGO
19976,EL TREBOL
19976,EL ÑIMBRE
19976,GARGANTILLA
19976,GOLONDRINA
19976,GUAMBIA
19976,JARDIN
19976,JUANAMBU
19976,LA AGUADA
19976,LA CAMPANA
19976,LA ESPERANZA
19976,LA ESTRELLA
19976,LA OVEJERA
19976,LA PALMA
19976,LAGUNA SECA
19976,LAS CRUCES
19976,LAS DANTAS
19976,LAS TAPIAS
19976,LATADEA
19976,LOMA AMARILLA
19976,LOMA GRANDE
19976,MANCHAY
19976,MARIPOSAS
19976,MEDIA LOMA
19976,MENDES
19976,MICHAMBE
19976,MIRAFLORES
19976,NAZARET
19976,OVEJERAS
19976,PENEVIO
19976,PEÑA DEL CORAZÓN
19976,PIENDAMO ARRIBA
19976,PITAYO
19976,PUEBLITO
19976,PUENTE REAL
19976,QUINCHAYA
19976,QUIZGO
19976,RESGUARDO INDÍGENA DE QUIZGO
19976,RESGUARDO INDÍGENA PITAYO
19976,RESGURDO INDÍGENA DE PITAYO
19976,SABANA DE LAS DELICIAS
19976,SALADO
19976,SAN ANTONIO
19976,SAN ANTONIO LOMA QUINTA
19976,SAN GABRIEL
19976,SAN PEDRO
19976,SAN PEDRO BOSQUE
19976,SAN PEDRO DEL BOSQUE
19976,SANTA CLARA SUR
19976,SANTA CLARA SUR
19976,SANTA LUCIA
19976,SANTIAGO
19976,TENGO
19976,TRANAL
19976,TULCAN
19976,TUMBURAO
19976,USENDA
19976,VALLE NUEVO
19976,VILLA NUEVA
19977,ANTON MORENO
19977,BUENAVISTA
19977,CASAS NUEVAS
19977,CHIRIBIO
19977,EL ARADO
19977,EL AUCA
19977,EL CANELO
19977,EL CARMEN
19977,EL CRUCERO
19977,EL CRUCERO
19977,EL HIGUERON
19977,EL MOLINO
19977,EL PEÑON - CORRALEJAS
19977,EL SALADO - LAS ESTRELLAS
19977,EL TRILLADERO
19977,HATO FRIO
19977,LA AVANZADA
19977,LA CATANA
19977,LA DORADA
19977,LA ESPERANZA
19977,LA HONDA
19977,LA PAZ
19977,LA PRADERA
19977,LA PRIMAVERA
19977,LAS ESTRELLAS
19977,LAS YESCAS
19977,LOMA ALTA
19977,LOS CEDROS
19977,LOS ROBLES
19977,MONTE REDONDO
19977,PAISPAMBA
19977,PLATANILLAL
19977,POBLACEÑA
19977,PUEBLO VIEJO
19977,SACHACOCO
19977,SAN ISIDRO
19977,TURUPAMBA
19977,ULLUCOS
19977,VILLA JULIA
19979,BAUTISTA
19979,BETANIA
19979,CASCADAS
19979,CRUCERO BELLO
19979,EL AGUACATILLO
19979,EL CARMELO
19979,EL FRESNO
19979,EL GUASCAL
19979,EL MIRADOR
19979,EL NARANJAL
19979,EL PARAISO
19979,EL RETIRO
19979,EL TESORO
19979,LA CEJA
19979,LA CHEPA
19979,LA CUMBRE
19979,LA ESMERALDA
19979,LA GRANJA
19979,LA PRIMAVERA
19979,LAS GUASCAS
19979,LLANADAS
19979,LLANO VERDE
19979,LOS ALPES
19979,LOS COLORADOS
19979,MAZAMORRAS
19979,PEÑA BLANCA
19979,QUITETO
19979,SALVAVIDAS
19979,SANTA INES
19979,SUCRE
19979,TEQUENDAMA
19978,AGUA BLANCA
19978,AGUA BONITA
19978,AGUA CLARA
19978,ALEJANDRIA
19978,ALTAMIRA
19978,ALTO RICO
19978,AMPARO
19978,ASNAZÚ
19978,BADEAS
19978,BALASTRO
19978,BELLAVISTA
19978,BETULIA
19978,BRISAS
19978,BUENA VISTA
19978,CASCADA
19978,CATOTO
19978,CAÑUTICO
19978,CERRO DAMIAN
19978,CHORRERA
19978,COME DULCE
19978,DOS AGUAS
19978,EL ARENAL
19978,EL DIVISO
19978,EL HATO
19978,EL MANZANO
19978,ESTRELLA
19978,FINLANDIA
19978,FLORESTA
19978,FONDA DAMIAN
19978,GELIMA
19978,GUADUALITO
19978,HORMIGUERO
19978,JUGUAL
19978,LA CABAÑA
19978,LA CARMELITA
19978,LA ESMERALDA
19978,LA TOMA
19978,LAS PALMAS
19978,LOMA LINDA
19978,MANGOS
19978,MARAVELES
19978,MATECAÑA
19978,MESETA
19978,MINDALA
19978,MIRAVALLE
19978,NARANJAL
19978,PARAISO
19978,PINOS
19978,PIZAMOS
19978,PLAYA RICA
19978,PORTUGAL
19978,PUEBLO NUEVO
19978,PURETO
19978,ROBLES
19978,SAN PABLO
19978,SAN VICENTE
19978,SANDOVALES
19978,SANTA ANA
19978,SANTA BARBARA
19978,SENDERITO
19978,SUAREZ
19978,TAMBORAL
19978,TURBINA
19978,UNION OLIVARES
19978,VISTA HERMOSA
19978,YOLOMBO
19981,BOCA DE PATÍA
19981,CAMARONES
19981,CHACON
19981,CONSEJO COMUNITARIO BUBUEY
19981,CONSEJO COMUNITARIO EL CUERVAL
19981,GUANGUI
19981,LOS BRAZOS
19981,PIANDERO
19981,PUERTO SAIJA
19981,SAN ISIDRO DE INFI
19981,SAN MIGUEL DE INFI
19980,ANTON MORENO
19980,AVANZADA
19980,BARRO BLANCO
19980,BELLA VISTA
19980,BUENOS AIRES
19980,CAMPO ALEGRE
19980,CAMPO SANO
19980,CINCO DIAS
19980,CRISTALES
19980,CUCHICAMA
19980,EL ALTILLO
19980,EL ALTILLO ALTO
19980,EL BOQUERON
19980,EL DESCANZO
19980,EL DESECHO
19980,EL ENCENILLO
19980,EL HATO
19980,EL NARANJAL
19980,EL PLACER
19980,EL PORVENIR
19980,EL RETIRO
19980,EL TABLON
19980,EL UVO
19980,GUAYABAL
19980,HATO NUEVO
19980,HATO VIEJO
19980,LA BANDA
19980,LA CABAÑA
19980,LA CHORRERA
19980,LA HONDA
19980,LA LAGUNA
19980,LA MARTHICA
19980,LA RIVERA
19980,LAS CRUCES 1
19980,LAS CRUCES 2
19980,LAS GUACAS
19980,LAS PIEDRAS
19980,LAS VERANERAS
19980,LAS YESCAS
19980,LOS ROBLES
19980,PAN DE AZUCAR
19980,QUILICHAO
19980,QUINTERO
19980,SACHACOCO
19980,SAMBONI
19980,SAMBONI BAJO
19980,SAN JOSÉ
19980,SAN PEDRITO
19980,SAN PEDRO
19980,SANTA MARIA
19980,SILCE
19980,TIMBIO
19980,TIMBIO
19980,TIMBIO
19980,TUNURCO
19980,URUBAMA
19982,AGUABLANCA
19982,ALBANIA
19982,ALTO DE LA CRUZ
19982,ASO MADERO
19982,BELEN
19982,BETULIA
19982,BODEGA
19982,BUENAVISTA
19982,CHIMICUETO
19982,CULEBRERO
19982,DAMIAN
19982,EL BERLIN
19982,EL CONGO
19982,EL FLAYO
19982,EL GALVIAL
19982,EL MAYO
19982,EL NARANJO
19982,EL TABLAZO
19982,GALLINAZAS
19982,GARGANTILLAS
19982,HUILA
19982,LA CALERA
19982,LA CAPILLA
19982,LA DESPENSA
19982,LA ESPERANZA
19982,LA ESTRELLA
19982,LA FONDA
19982,LA JULIA
19982,LA LAGUNA
19982,LA LUZ
19982,LA MARIA
19982,LA MINA
19982,LA PALMA
19982,LA PILA
19982,LA PLAYA
19982,LA PRIMICIA
19982,LA SUSANA
19982,LA TOLDA
19982,LOMA DE PAJA
19982,LOMA LINDA
19982,LOPEZ
19982,MANZANO
19982,NATALA
19982,POTRERITO
19982,POTRERO
19982,PUEBLO VIEJO
19982,PUENTE QUEMADO
19982,QUINAMAYO
19982,RIO NEGRO
19982,SAN DIEGO
19982,SAN FRANCISCO
19982,SAN JULIAN
19982,SANTA RITA
19982,SANTO DOMINGO
19982,SESTADERO
19982,SOTO
19982,TACUEYO
19982,TORIBIO
19982,TRAPICHE
19982,TRIUNFO
19982,ULLUCOS
19982,VICHIQUI
19983,AGUA BONITA
19983,AGUAS VIVAS
19983,ALTO MORENO
19983,BEJUCAL
19983,BELLA VISTA
19983,BETANIA
19983,BUENA VISTA
19983,CALVACHE
19983,CAMPO ALEGRE
19983,CARMEN DE SABALETAS
19983,CHUSCALES
19983,EL BAHO
19983,EL COFRE
19983,EL DIVISO
19983,EL HATICO
19983,FLORENCIA
19983,GALLINAZO
19983,HATO VIEJO
19983,LA ESTELA
19983,LA MESETA
19983,LA PALIZADA
19983,LA PALMA
19983,LA PEÑA
19983,LA UNIÓN
19983,LAS VUELTAS
19983,LOMA DEL MEDIO
19983,MALVASÁ
19983,MIRAFLORES
19983,NOVIRAO
19983,NÚCLEO URB GABRIEL LÓPEZ
19983,NÚCLEO URB JEBALÁ
19983,NÚCLEO URB PANIQUITÁ
19983,NÚCLEO URB POLINDARA
19983,PALACÉ
19983,PEDREGAL
19983,PORTACHUELO
19983,PUENTE TIERRA
19983,SALADO BLANCO
19983,SAN ANTONIO
19983,SAN JOSÉ
19983,SAN JUÁN
19983,SAN PEDRO
19983,SANTA ANA
19983,SANTA TERESA
19983,SIBERIA
19983,TABACO
19984,AGUA AZUL
19984,CANTARITO
19984,CHALO
19984,JUAN IGNACIO
19984,LA PRIMAVERA
